_id,header,author,last_post,replies,views
600d7347641c7b2087cf3e3e,Official Team Speed Forza Motorsports 3 Tournament,kalifornicationx,10-19-2016 05:28 AM by kalifornicationx,88,"13,838"
600d7347641c7b2087cf3e3f,"Teamspeed To Go. Download the Teamspeed Mobile app for your iPhone, iPad, or Droid!",TEFF,03-14-2012 12:12 PM by TEFF,12,"11,496"
600d7347641c7b2087cf3e40,GTA V Crew,King Hill,06-04-2019 07:24 AM by King Hill,16,"4,666"
600d7347641c7b2087cf3e41,Hitman Absolution,watchheights,08-12-2017 06:31 AM by watchheights,4,"6,910"
600d7348641c7b2087cf3e42,Best Electric Razor?,RodneyOstby,02-09-2017 06:10 AM by RodneyOstby,16,"4,039"
600d7348641c7b2087cf3e43,"SEGA 'Motorsports Manager' (2016 PC) Review",TeamSpeed Editor,12-20-2016 05:55 PM by TeamSpeed Editor,0,"1,249"
600d7348641c7b2087cf3e44,"'F1 2016' Review: The Fullest F1 Experience Yet",TeamSpeed Editor,09-21-2016 02:36 PM by TeamSpeed Editor,0,"1,457"
600d7348641c7b2087cf3e45,Porsche Expansion Comes to Forza Motorsport 6,TeamSpeed Editor,03-07-2016 05:04 PM by TeamSpeed Editor,0,"1,732"
600d7348641c7b2087cf3e46,Forza 6 Gets New Car Pack and We Have One to Give Away!,ozz7240,11-05-2015 01:17 PM by ozz7240,10,"3,472"
600d7348641c7b2087cf3e47,"iPhone 6plus, HTC M9, Apple MacBook pro, Samsung S6, Nikon D800E and more electronics",tbilal294,04-12-2015 04:44 AM by tbilal294,0,"2,332"
600d7348641c7b2087cf3e48,"Halo 4 - Who Else Can't Wait??",tempodicorrere,07-22-2014 12:43 PM by tempodicorrere,15,"4,648"
600d7349641c7b2087cf3e49,thoughts,joshg120,04-14-2014 08:11 PM by joshg120,4,"1,572"
600d7349641c7b2087cf3e4a,Headphone vendors on the forum?,Hot Shot,01-18-2014 08:59 PM by Hot Shot,5,"2,109"
600d7349641c7b2087cf3e4b,Worth Sharing: Forza 5 Filmspeed,Mixtape,09-24-2013 03:39 PM by Mixtape,2,"1,851"
600d7349641c7b2087cf3e4c,GoPro Super Slashed Pricing,Staf[email protected],09-03-2013 09:23 PM by Staf[email protected],0,"1,507"
600d7349641c7b2087cf3e4d,Gta v,Zambrano,07-18-2013 12:46 AM by Zambrano,8,"2,268"
600d7349641c7b2087cf3e4e,For those who ride a bicycle :),johan,06-11-2013 02:42 PM by johan,0,"2,111"
600d734a641c7b2087cf3e4f,The Official Gran Turismo 5 Thread,Dyna,05-23-2013 06:42 AM by Dyna,"2,895","189,455"
600d734a641c7b2087cf3e50,Sennheiser IE 800 Earphones - Now Shipping!,SoundEarphones,05-11-2013 01:00 AM by SoundEarphones,0,"2,593"
600d734a641c7b2087cf3e51,Forza 4,Dyna,04-30-2013 04:49 PM by Dyna,"1,859","77,699"
600d734a641c7b2087cf3e52,Borderlands,QYKSLVR,02-15-2013 05:01 AM by QYKSLVR,1,"1,487"
600d734a641c7b2087cf3e53,"Guys, I need help setting up the best driving simulator",ThunderRolls,01-06-2013 07:32 PM by ThunderRolls,5,"4,905"
600d734b641c7b2087cf3e54,Official Team Speed Forza Motorsports 3 Tournament,kalifornicationx,10-19-2016 05:28 AM by kalifornicationx,88,"13,838"
600d734b641c7b2087cf3e55,"Teamspeed To Go. Download the Teamspeed Mobile app for your iPhone, iPad, or Droid!",TEFF,03-14-2012 12:12 PM by TEFF,12,"11,496"
600d734b641c7b2087cf3e56,B Class Tournament Score Thread,Bonita,11-22-2012 04:21 AM by Bonita,14,"2,470"
600d734b641c7b2087cf3e57,Teamspeed B Class Tournament,X2daC,11-21-2012 10:47 PM by X2daC,99,"6,350"
600d734b641c7b2087cf3e58,EMVY Iphone 4 or 4S Battery Case with Built in stand.,TheStigSC,11-20-2012 12:25 PM by TheStigSC,46,"5,515"
600d734c641c7b2087cf3e59,Mass Effect 3,TheStigSC,11-20-2012 12:18 PM by TheStigSC,6,"1,089"
600d734c641c7b2087cf3e5a,Free Gift Card with a Sennheiser Headphone Purchase,SoundEarphones,11-14-2012 06:06 PM by SoundEarphones,0,844
600d734c641c7b2087cf3e5b,Forza Horizon,X2daC,11-02-2012 01:54 PM by X2daC,41,"3,916"
600d734c641c7b2087cf3e5c,The Official Modern Warfare 3 Thread,TheStigSC,11-01-2012 12:27 PM by TheStigSC,540,"22,038"
600d734c641c7b2087cf3e5d,AKG K3003i - Back in stock,SoundEarphones,09-24-2012 11:52 AM by SoundEarphones,0,"1,172"
600d734c641c7b2087cf3e5e,Denon Headphones & Earphones - Now Available @ SoundEarphones.com,SoundEarphones,09-20-2012 03:01 PM by SoundEarphones,0,687
600d734c641c7b2087cf3e5f,!! Need an audiophiles help !!,adamls2,09-19-2012 03:38 AM by adamls2,0,649
600d734d641c7b2087cf3e60,Wadia 171i idock,SoundEarphones,09-15-2012 10:31 AM by SoundEarphones,1,878
600d734d641c7b2087cf3e61,Teamspeed Cup Car Tournament,81911,09-14-2012 08:36 PM by 81911,106,"4,781"
600d734d641c7b2087cf3e62,Wtf happened to my pass code,JGM Tools,09-10-2012 09:07 PM by JGM Tools,1,564
600d734d641c7b2087cf3e63,Porsche Cup Car Tournament Score Thread,jenk12m,09-09-2012 12:30 AM by jenk12m,82,"3,754"
600d734d641c7b2087cf3e64,"Creative ideas for spare Vizio 15"" HDTV?",Moving Chicane,08-30-2012 11:20 AM by Moving Chicane,8,748
600d734d641c7b2087cf3e65,"Klipsch S4, S4i and S4a Version II - Now In Stock!",SoundEarphones,08-28-2012 01:13 PM by SoundEarphones,0,610
600d734d641c7b2087cf3e66,Home Theater and Automation Picture Thread,Wheeler,08-28-2012 03:53 AM by Wheeler,23,"4,312"
600d734e641c7b2087cf3e67,Remember these? Old school WWF.,BDSK,08-16-2012 01:14 PM by BDSK,3,841
600d734e641c7b2087cf3e68,"Chris Weidman - UFC Fighter's Custom Beats Headphones",bdeitemeyer,07-27-2012 01:57 AM by bdeitemeyer,2,"2,398"
600d734e641c7b2087cf3e69,Control4 experiences or recommendations?,DEEPBLUE,07-23-2012 07:26 PM by DEEPBLUE,28,"3,986"
600d734f641c7b2087cf3e6a,Official Team Speed Forza Motorsports 3 Tournament,kalifornicationx,10-19-2016 05:28 AM by kalifornicationx,88,"13,838"
600d734f641c7b2087cf3e6b,"Teamspeed To Go. Download the Teamspeed Mobile app for your iPhone, iPad, or Droid!",TEFF,03-14-2012 12:12 PM by TEFF,12,"11,496"
600d734f641c7b2087cf3e6c,AKG K490 & K495 Noise Canceling Headphones - Now In Stock,SoundEarphones,07-16-2012 04:07 PM by SoundEarphones,0,"1,026"
600d7350641c7b2087cf3e6d,Diablo III,CrazyRuskie,06-18-2012 04:58 PM by CrazyRuskie,71,"4,208"
600d7350641c7b2087cf3e6e,Made in China built in GE microwave dead,Zorro,06-18-2012 11:03 AM by Zorro,9,"1,648"
600d7350641c7b2087cf3e6f,Made a video of the home simulator,jmusser3r,06-18-2012 02:31 AM by jmusser3r,7,774
600d7351641c7b2087cf3e70,Help me choose a receiver,Pinned,06-16-2012 01:16 AM by Pinned,6,751
600d7351641c7b2087cf3e71,Sennheiser HD700 Headphones - Now In Stock at SoundEarphones!,SoundEarphones,06-08-2012 11:54 AM by SoundEarphones,0,691
600d7351641c7b2087cf3e72,Sennheiser MM-550-X Wireless Noise canceling Headphones - Back In Stock!,SoundEarphones,06-06-2012 11:00 AM by SoundEarphones,0,936
600d7351641c7b2087cf3e73,GoPro Wi-Fi BacPac finally on sale,MoOriginal,06-06-2012 07:56 AM by MoOriginal,14,"1,792"
600d7351641c7b2087cf3e74,Windows 8,bbbaazzzz,06-04-2012 02:14 PM by bbbaazzzz,21,"1,925"
600d7351641c7b2087cf3e75,Looking for new smartphone,stuka,06-04-2012 12:17 PM by stuka,12,"2,095"
600d7352641c7b2087cf3e76,Introducing the Leap,sk8boy,05-26-2012 02:24 AM by sk8boy,0,720
600d7352641c7b2087cf3e77,Any Audiophiles here?,mannnu81,05-24-2012 06:17 PM by mannnu81,73,"8,464"
600d7352641c7b2087cf3e78,F4 Radical Tournament Thread,jenk12m,05-22-2012 01:29 PM by jenk12m,60,"2,897"
600d7352641c7b2087cf3e79,HTC One X from ATT is crippled,stuka,05-17-2012 12:29 AM by stuka,4,776
600d7352641c7b2087cf3e7a,Diablo 3 Member List - Post up Bnet ID here,sheynk,05-15-2012 05:06 PM by sheynk,4,576
600d7352641c7b2087cf3e7b,F4 Radical Tournament Score Thread,X2daC,05-12-2012 12:22 PM by X2daC,36,"1,998"
600d7353641c7b2087cf3e7c,Porsche DLC For Forza 4!!!!,Royal Oak,05-07-2012 01:31 PM by Royal Oak,8,913
600d7353641c7b2087cf3e7d,The Air Quality Egg,GrayTT,04-09-2012 05:33 PM by GrayTT,0,816
600d7353641c7b2087cf3e7e,"What's the cheapest Home Theater PC I could get?",Track Addict,04-06-2012 10:33 PM by Track Addict,7,"2,068"
600d7353641c7b2087cf3e7f,What do you guys think about this TV mount?,CrazyRuskie,04-05-2012 05:32 PM by CrazyRuskie,1,988
600d7354641c7b2087cf3e80,Official Team Speed Forza Motorsports 3 Tournament,kalifornicationx,10-19-2016 05:28 AM by kalifornicationx,88,"13,838"
600d7354641c7b2087cf3e81,"Teamspeed To Go. Download the Teamspeed Mobile app for your iPhone, iPad, or Droid!",TEFF,03-14-2012 12:12 PM by TEFF,12,"11,496"
600d7355641c7b2087cf3e82,"Can anyone help, lost my microsoft office key. Who can hook me up?",ambleZ06,04-03-2012 10:42 AM by ambleZ06,9,822
600d7355641c7b2087cf3e83,Music Server that stores CD in original format,Christian,04-03-2012 08:21 AM by Christian,23,"2,644"
600d7355641c7b2087cf3e84,The Official Modern Warfare 2 Thread,Bonita,04-01-2012 07:18 PM by Bonita,"2,407","80,096"
600d7355641c7b2087cf3e85,URL Extensions... Yes or No,cstroked,04-01-2012 05:24 PM by cstroked,9,771
600d7355641c7b2087cf3e86,"The Official ""Coolest"" Technology Thread",McRae,03-31-2012 11:02 PM by McRae,12,"1,608"
600d7355641c7b2087cf3e87,The Official Battlefield 3 Thread,STOPPIE,03-30-2012 12:38 PM by STOPPIE,161,"6,809"
600d7356641c7b2087cf3e88,Laser interceptor testing,Superfly,02-26-2012 02:02 AM by Superfly,1,"1,041"
600d7356641c7b2087cf3e89,SR Lifestyle Boutique | Porsche Design P’9981 x Blackberry Smartphone,Marc,02-24-2012 02:06 PM by Marc,5,"2,056"
600d7356641c7b2087cf3e8a,Shure SRH1440 & SRH1840 Headphones - Now In Stock,DchaMD,02-24-2012 01:56 PM by DchaMD,1,465
600d7356641c7b2087cf3e8b,Galaxy Nexus,bavmtrwrksftw,02-19-2012 10:07 PM by bavmtrwrksftw,22,"1,408"
600d7356641c7b2087cf3e8c,Flat Screen Installer - San Fernando Valley - Suggestions?,Moving Chicane,02-19-2012 02:12 PM by Moving Chicane,3,536
600d7356641c7b2087cf3e8d,EarSonics AMP911 - Now In Stock @ SoundEarphones.com,SoundEarphones,02-13-2012 04:11 PM by SoundEarphones,0,577
600d7357641c7b2087cf3e8e,Samsung DLP Problem - Fix or Buy New,falb,02-11-2012 01:20 PM by falb,7,719
600d7357641c7b2087cf3e8f,HDTV OTA Antenna,stuka,02-06-2012 05:10 PM by stuka,2,601
600d7357641c7b2087cf3e90,Forza 4 Tournament Score Thread,ljg,02-01-2012 11:55 PM by ljg,24,"1,641"
600d7357641c7b2087cf3e91,Android users tracked,cream168,01-29-2012 06:06 AM by cream168,6,795
600d7357641c7b2087cf3e92,Best TV for gaming.,cream168,01-29-2012 05:20 AM by cream168,2,816
600d7357641c7b2087cf3e93,GoPro HD Camera Accessories?,bonehead,01-27-2012 02:35 PM by bonehead,6,450
600d7358641c7b2087cf3e94,Official Team Speed Forza 4 Tournament!!!,jenk12m,01-26-2012 12:08 AM by jenk12m,188,"7,250"
600d7358641c7b2087cf3e95,Looking for a new navi touch screen display w/USB port,cream168,01-25-2012 12:52 PM by cream168,0,460
600d7359641c7b2087cf3e96,Official Team Speed Forza Motorsports 3 Tournament,kalifornicationx,10-19-2016 05:28 AM by kalifornicationx,88,"13,838"
600d7359641c7b2087cf3e97,"Teamspeed To Go. Download the Teamspeed Mobile app for your iPhone, iPad, or Droid!",TEFF,03-14-2012 12:12 PM by TEFF,12,"11,496"
600d7359641c7b2087cf3e98,"Battery powered WiFi cam, it can't be this exotic",stuka,01-19-2012 07:58 PM by stuka,2,"1,614"
600d7359641c7b2087cf3e99,Sennheiser RS 220 Wireless & HD 700 Headphones - Now Available to order!,SoundEarphones,01-19-2012 02:50 PM by SoundEarphones,0,796
600d7359641c7b2087cf3e9a,"new trailer for 'Street Fighter X Tekken'",sk8boy,01-18-2012 01:09 AM by sk8boy,0,421
600d73a89d5e445f904a4548,Official Team Speed Forza Motorsports 3 Tournament,kalifornicationx,10-19-2016 05:28 AM by kalifornicationx,88,"13,838"
600d73a99d5e445f904a4549,"Teamspeed To Go. Download the Teamspeed Mobile app for your iPhone, iPad, or Droid!",TEFF,03-14-2012 12:12 PM by TEFF,12,"11,496"
600d73a99d5e445f904a454a,GTA V Crew,King Hill,06-04-2019 07:24 AM by King Hill,16,"4,666"
600d73a99d5e445f904a454b,Hitman Absolution,watchheights,08-12-2017 06:31 AM by watchheights,4,"6,910"
600d73a99d5e445f904a454c,Best Electric Razor?,RodneyOstby,02-09-2017 06:10 AM by RodneyOstby,16,"4,039"
600d73a99d5e445f904a454d,"SEGA 'Motorsports Manager' (2016 PC) Review",TeamSpeed Editor,12-20-2016 05:55 PM by TeamSpeed Editor,0,"1,249"
600d73a99d5e445f904a454e,"'F1 2016' Review: The Fullest F1 Experience Yet",TeamSpeed Editor,09-21-2016 02:36 PM by TeamSpeed Editor,0,"1,457"
600d73a99d5e445f904a454f,Porsche Expansion Comes to Forza Motorsport 6,TeamSpeed Editor,03-07-2016 05:04 PM by TeamSpeed Editor,0,"1,732"
600d73aa9d5e445f904a4550,Forza 6 Gets New Car Pack and We Have One to Give Away!,ozz7240,11-05-2015 01:17 PM by ozz7240,10,"3,472"
600d73aa9d5e445f904a4551,"iPhone 6plus, HTC M9, Apple MacBook pro, Samsung S6, Nikon D800E and more electronics",tbilal294,04-12-2015 04:44 AM by tbilal294,0,"2,332"
600d73aa9d5e445f904a4552,"Halo 4 - Who Else Can't Wait??",tempodicorrere,07-22-2014 12:43 PM by tempodicorrere,15,"4,648"
600d73aa9d5e445f904a4553,thoughts,joshg120,04-14-2014 08:11 PM by joshg120,4,"1,572"
600d73aa9d5e445f904a4554,Headphone vendors on the forum?,Hot Shot,01-18-2014 08:59 PM by Hot Shot,5,"2,109"
600d73aa9d5e445f904a4555,Worth Sharing: Forza 5 Filmspeed,Mixtape,09-24-2013 03:39 PM by Mixtape,2,"1,851"
600d73ab9d5e445f904a4556,GoPro Super Slashed Pricing,[email protected],09-03-2013 09:23 PM by [email protected],0,"1,507"
600d73ab9d5e445f904a4557,Gta v,Zambrano,07-18-2013 12:46 AM by Zambrano,8,"2,268"
600d73ab9d5e445f904a4558,For those who ride a bicycle :),johan,06-11-2013 02:42 PM by johan,0,"2,111"
600d73ab9d5e445f904a4559,The Official Gran Turismo 5 Thread,Dyna,05-23-2013 06:42 AM by Dyna,"2,895","189,455"
600d73ab9d5e445f904a455a,Sennheiser IE 800 Earphones - Now Shipping!,SoundEarphones,05-11-2013 01:00 AM by SoundEarphones,0,"2,593"
600d73ab9d5e445f904a455b,Forza 4,Dyna,04-30-2013 04:49 PM by Dyna,"1,859","77,699"
600d73ac9d5e445f904a455c,Borderlands,QYKSLVR,02-15-2013 05:01 AM by QYKSLVR,1,"1,487"
600d73ac9d5e445f904a455d,"Guys, I need help setting up the best driving simulator",ThunderRolls,01-06-2013 07:32 PM by ThunderRolls,5,"4,905"
600d73ad9d5e445f904a455e,Official Team Speed Forza Motorsports 3 Tournament,kalifornicationx,10-19-2016 05:28 AM by kalifornicationx,88,"13,838"
600d73ad9d5e445f904a455f,"Teamspeed To Go. Download the Teamspeed Mobile app for your iPhone, iPad, or Droid!",TEFF,03-14-2012 12:12 PM by TEFF,12,"11,496"
600d73ad9d5e445f904a4560,B Class Tournament Score Thread,Bonita,11-22-2012 04:21 AM by Bonita,14,"2,470"
600d73ad9d5e445f904a4561,Teamspeed B Class Tournament,X2daC,11-21-2012 10:47 PM by X2daC,99,"6,350"
600d73ad9d5e445f904a4562,EMVY Iphone 4 or 4S Battery Case with Built in stand.,TheStigSC,11-20-2012 12:25 PM by TheStigSC,46,"5,515"
600d73ad9d5e445f904a4563,Mass Effect 3,TheStigSC,11-20-2012 12:18 PM by TheStigSC,6,"1,089"
600d73ad9d5e445f904a4564,Free Gift Card with a Sennheiser Headphone Purchase,SoundEarphones,11-14-2012 06:06 PM by SoundEarphones,0,844
600d73ae9d5e445f904a4565,Forza Horizon,X2daC,11-02-2012 01:54 PM by X2daC,41,"3,916"
600d73ae9d5e445f904a4566,The Official Modern Warfare 3 Thread,TheStigSC,11-01-2012 12:27 PM by TheStigSC,540,"22,038"
600d73ae9d5e445f904a4567,AKG K3003i - Back in stock,SoundEarphones,09-24-2012 11:52 AM by SoundEarphones,0,"1,172"
600d73ae9d5e445f904a4568,Denon Headphones & Earphones - Now Available @ SoundEarphones.com,SoundEarphones,09-20-2012 03:01 PM by SoundEarphones,0,687
600d73ae9d5e445f904a4569,!! Need an audiophiles help !!,adamls2,09-19-2012 03:38 AM by adamls2,0,649
600d73ae9d5e445f904a456a,Wadia 171i idock,SoundEarphones,09-15-2012 10:31 AM by SoundEarphones,1,878
600d73ae9d5e445f904a456b,Teamspeed Cup Car Tournament,81911,09-14-2012 08:36 PM by 81911,106,"4,781"
600d73af9d5e445f904a456c,Wtf happened to my pass code,JGM Tools,09-10-2012 09:07 PM by JGM Tools,1,564
600d73af9d5e445f904a456d,Porsche Cup Car Tournament Score Thread,jenk12m,09-09-2012 12:30 AM by jenk12m,82,"3,754"
600d73af9d5e445f904a456e,"Creative ideas for spare Vizio 15"" HDTV?",Moving Chicane,08-30-2012 11:20 AM by Moving Chicane,8,748
600d73af9d5e445f904a456f,"Klipsch S4, S4i and S4a Version II - Now In Stock!",SoundEarphones,08-28-2012 01:13 PM by SoundEarphones,0,610
600d73af9d5e445f904a4570,Home Theater and Automation Picture Thread,Wheeler,08-28-2012 03:53 AM by Wheeler,23,"4,312"
600d73af9d5e445f904a4571,Remember these? Old school WWF.,BDSK,08-16-2012 01:14 PM by BDSK,3,841
600d73b09d5e445f904a4572,"Chris Weidman - UFC Fighter's Custom Beats Headphones",bdeitemeyer,07-27-2012 01:57 AM by bdeitemeyer,2,"2,398"
600d73b09d5e445f904a4573,Control4 experiences or recommendations?,DEEPBLUE,07-23-2012 07:26 PM by DEEPBLUE,28,"3,986"
600d73b19d5e445f904a4574,Official Team Speed Forza Motorsports 3 Tournament,kalifornicationx,10-19-2016 05:28 AM by kalifornicationx,88,"13,838"
600d73b19d5e445f904a4575,"Teamspeed To Go. Download the Teamspeed Mobile app for your iPhone, iPad, or Droid!",TEFF,03-14-2012 12:12 PM by TEFF,12,"11,496"
600d73b19d5e445f904a4576,AKG K490 & K495 Noise Canceling Headphones - Now In Stock,SoundEarphones,07-16-2012 04:07 PM by SoundEarphones,0,"1,026"
600d73b19d5e445f904a4577,Diablo III,CrazyRuskie,06-18-2012 04:58 PM by CrazyRuskie,71,"4,208"
600d73b19d5e445f904a4578,Made in China built in GE microwave dead,Zorro,06-18-2012 11:03 AM by Zorro,9,"1,648"
600d73b29d5e445f904a4579,Made a video of the home simulator,jmusser3r,06-18-2012 02:31 AM by jmusser3r,7,774
600d73b29d5e445f904a457a,Help me choose a receiver,Pinned,06-16-2012 01:16 AM by Pinned,6,751
600d73b29d5e445f904a457b,Sennheiser HD700 Headphones - Now In Stock at SoundEarphones!,SoundEarphones,06-08-2012 11:54 AM by SoundEarphones,0,691
600d73b29d5e445f904a457c,Sennheiser MM-550-X Wireless Noise canceling Headphones - Back In Stock!,SoundEarphones,06-06-2012 11:00 AM by SoundEarphones,0,936
600d73b29d5e445f904a457d,GoPro Wi-Fi BacPac finally on sale,MoOriginal,06-06-2012 07:56 AM by MoOriginal,14,"1,792"
600d73b39d5e445f904a457e,Windows 8,bbbaazzzz,06-04-2012 02:14 PM by bbbaazzzz,21,"1,925"
600d73b39d5e445f904a457f,Looking for new smartphone,stuka,06-04-2012 12:17 PM by stuka,12,"2,095"
600d73b39d5e445f904a4580,Introducing the Leap,sk8boy,05-26-2012 02:24 AM by sk8boy,0,720
600d73b39d5e445f904a4581,Any Audiophiles here?,mannnu81,05-24-2012 06:17 PM by mannnu81,73,"8,464"
600d73b39d5e445f904a4582,F4 Radical Tournament Thread,jenk12m,05-22-2012 01:29 PM by jenk12m,60,"2,897"
600d73b39d5e445f904a4583,HTC One X from ATT is crippled,stuka,05-17-2012 12:29 AM by stuka,4,776
600d73b39d5e445f904a4584,Diablo 3 Member List - Post up Bnet ID here,sheynk,05-15-2012 05:06 PM by sheynk,4,576
600d73b49d5e445f904a4585,F4 Radical Tournament Score Thread,X2daC,05-12-2012 12:22 PM by X2daC,36,"1,998"
600d73b49d5e445f904a4586,Porsche DLC For Forza 4!!!!,Royal Oak,05-07-2012 01:31 PM by Royal Oak,8,913
600d73b49d5e445f904a4587,The Air Quality Egg,GrayTT,04-09-2012 05:33 PM by GrayTT,0,816
600d73b49d5e445f904a4588,"What's the cheapest Home Theater PC I could get?",Track Addict,04-06-2012 10:33 PM by Track Addict,7,"2,068"
600d73b49d5e445f904a4589,What do you guys think about this TV mount?,CrazyRuskie,04-05-2012 05:32 PM by CrazyRuskie,1,988
600d73b59d5e445f904a458a,Official Team Speed Forza Motorsports 3 Tournament,kalifornicationx,10-19-2016 05:28 AM by kalifornicationx,88,"13,838"
600d73b59d5e445f904a458b,"Teamspeed To Go. Download the Teamspeed Mobile app for your iPhone, iPad, or Droid!",TEFF,03-14-2012 12:12 PM by TEFF,12,"11,496"
600d73b69d5e445f904a458c,"Can anyone help, lost my microsoft office key. Who can hook me up?",ambleZ06,04-03-2012 10:42 AM by ambleZ06,9,822
600d73b69d5e445f904a458d,Music Server that stores CD in original format,Christian,04-03-2012 08:21 AM by Christian,23,"2,644"
600d73b69d5e445f904a458e,The Official Modern Warfare 2 Thread,Bonita,04-01-2012 07:18 PM by Bonita,"2,407","80,096"
600d73b69d5e445f904a458f,URL Extensions... Yes or No,cstroked,04-01-2012 05:24 PM by cstroked,9,771
600d73b69d5e445f904a4590,"The Official ""Coolest"" Technology Thread",McRae,03-31-2012 11:02 PM by McRae,12,"1,608"
600d73b69d5e445f904a4591,The Official Battlefield 3 Thread,STOPPIE,03-30-2012 12:38 PM by STOPPIE,161,"6,809"
600d73b79d5e445f904a4592,Laser interceptor testing,Superfly,02-26-2012 02:02 AM by Superfly,1,"1,041"
600d73b79d5e445f904a4593,SR Lifestyle Boutique | Porsche Design P’9981 x Blackberry Smartphone,Marc,02-24-2012 02:06 PM by Marc,5,"2,056"
600d73b79d5e445f904a4594,Shure SRH1440 & SRH1840 Headphones - Now In Stock,DchaMD,02-24-2012 01:56 PM by DchaMD,1,465
600d73b89d5e445f904a4595,Galaxy Nexus,bavmtrwrksftw,02-19-2012 10:07 PM by bavmtrwrksftw,22,"1,408"
600d73b89d5e445f904a4596,Flat Screen Installer - San Fernando Valley - Suggestions?,Moving Chicane,02-19-2012 02:12 PM by Moving Chicane,3,536
600d73b89d5e445f904a4597,EarSonics AMP911 - Now In Stock @ SoundEarphones.com,SoundEarphones,02-13-2012 04:11 PM by SoundEarphones,0,577
600d73b89d5e445f904a4598,Samsung DLP Problem - Fix or Buy New,falb,02-11-2012 01:20 PM by falb,7,719
600d73b89d5e445f904a4599,HDTV OTA Antenna,stuka,02-06-2012 05:10 PM by stuka,2,601
600d73b89d5e445f904a459a,Forza 4 Tournament Score Thread,ljg,02-01-2012 11:55 PM by ljg,24,"1,641"
600d73b99d5e445f904a459b,Android users tracked,cream168,01-29-2012 06:06 AM by cream168,6,795
600d73b99d5e445f904a459c,Best TV for gaming.,cream168,01-29-2012 05:20 AM by cream168,2,816
600d73b99d5e445f904a459d,GoPro HD Camera Accessories?,bonehead,01-27-2012 02:35 PM by bonehead,6,450
600d73b99d5e445f904a459e,Official Team Speed Forza 4 Tournament!!!,jenk12m,01-26-2012 12:08 AM by jenk12m,188,"7,250"
600d73ba9d5e445f904a459f,Looking for a new navi touch screen display w/USB port,cream168,01-25-2012 12:52 PM by cream168,0,460
600d73bb9d5e445f904a45a0,Official Team Speed Forza Motorsports 3 Tournament,kalifornicationx,10-19-2016 05:28 AM by kalifornicationx,88,"13,838"
600d73bb9d5e445f904a45a1,"Teamspeed To Go. Download the Teamspeed Mobile app for your iPhone, iPad, or Droid!",TEFF,03-14-2012 12:12 PM by TEFF,12,"11,496"
600d73bb9d5e445f904a45a2,"Battery powered WiFi cam, it can't be this exotic",stuka,01-19-2012 07:58 PM by stuka,2,"1,614"
600d73bc9d5e445f904a45a3,Sennheiser RS 220 Wireless & HD 700 Headphones - Now Available to order!,SoundEarphones,01-19-2012 02:50 PM by SoundEarphones,0,796
600d73bc9d5e445f904a45a4,"new trailer for 'Street Fighter X Tekken'",sk8boy,01-18-2012 01:09 AM by sk8boy,0,421
600d73bc9d5e445f904a45a5,Sexy Booth Babes...,Sexy Booth Babes...,null,null,-
600d73bc9d5e445f904a45a6,Walkie-Talkies,bonehead,01-07-2012 11:23 PM by bonehead,6,996
600d73bd9d5e445f904a45a7,SR Lifestyle Boutique | Mobiado Grand Touch,SR Auto Group,01-05-2012 04:58 PM by SR Auto Group,0,"1,544"
600d73bd9d5e445f904a45a8,Driver San Francisco,Neil Switzer,01-03-2012 06:18 PM by Neil Switzer,9,863
600d73bd9d5e445f904a45a9,$1K HDTV Recommendation,M-Individual,01-02-2012 06:50 PM by M-Individual,11,"1,469"
600d73bd9d5e445f904a45aa,New XBOX Update,GuessWho,12-22-2011 05:46 PM by GuessWho,10,992
600d73be9d5e445f904a45ab,Gadget Deals of the Day,JuiceBox,12-22-2011 02:38 AM by JuiceBox,78,"7,367"
600d73be9d5e445f904a45ac,SR Lifestyle Boutique | Mobiado 712 Stealth Limited Edition,SR Auto Group,12-19-2011 07:14 PM by SR Auto Group,0,662
600d73be9d5e445f904a45ad,Tdu 2 club,911Boy,12-18-2011 08:07 PM by 911Boy,2,544
600d73be9d5e445f904a45ae,Anyone want to play forza 4 tonight?,jenk12m,12-16-2011 01:21 AM by jenk12m,1,711
600d73bf9d5e445f904a45af,Klipsch Reference Image Series - Now In Stock!,SoundEarphones,12-13-2011 04:00 PM by SoundEarphones,0,458
600d73bf9d5e445f904a45b0,How the heck do I learn java,zbaums,12-12-2011 07:42 PM by zbaums,11,"1,243"
600d73bf9d5e445f904a45b1,"PS3 Id's",slord,12-10-2011 01:07 AM by slord,86,"4,569"
600d73bf9d5e445f904a45b2,Star Wars: The Old Republic,"All We'll Drive","12-08-2011 08:13 AM by All We'll Drive",3,533
600d73bf9d5e445f904a45b3,Urine-controlled video games installed in London bar,sk8boy,11-29-2011 12:06 AM by sk8boy,0,462
600d73c09d5e445f904a45b4,The Official Black Friday Thread,Pinned,11-27-2011 12:01 PM by Pinned,55,"2,666"
600d73c09d5e445f904a45b5,"AT&T users, htc vivid vs samsung galaxy skyrocket",vdubpower,11-24-2011 04:57 AM by vdubpower,11,"1,241"
600d73c19d5e445f904a45b6,Official Team Speed Forza Motorsports 3 Tournament,kalifornicationx,10-19-2016 05:28 AM by kalifornicationx,88,"13,838"
600d73c19d5e445f904a45b7,"Teamspeed To Go. Download the Teamspeed Mobile app for your iPhone, iPad, or Droid!",TEFF,03-14-2012 12:12 PM by TEFF,12,"11,496"
600d73c29d5e445f904a45b8,Tablet?,sheynk,11-22-2011 08:01 PM by sheynk,6,507
600d73c29d5e445f904a45b9,Wyred 4 Sound modified Sonos Zone Player 90,DJ,11-22-2011 05:27 PM by DJ,2,"1,793"
600d73c29d5e445f904a45ba,UP by Jawbone,djantlive,11-19-2011 11:33 AM by djantlive,11,815
600d73c29d5e445f904a45bb,Saints row: The Third Thread,911Boy,11-18-2011 10:59 PM by 911Boy,7,617
600d73c39d5e445f904a45bc,"Saint's Row and Need for Speed: The Run available today",sk8boy,11-17-2011 11:32 AM by sk8boy,1,482
600d73c39d5e445f904a45bd,Limited Edition Lou Reed Klipsch X10i Earphones - Available @ SoundEarphones.com,O2Supply,11-16-2011 01:06 PM by O2Supply,2,838
600d73c39d5e445f904a45be,Sennheiser HD 449 & HD 229 Headphones - Now Available  @ SoundEarphones.com,SoundEarphones,11-15-2011 03:37 PM by SoundEarphones,0,"1,902"
600d73c49d5e445f904a45bf,Should I consider a 10.1 over the ipad2?,65°V12,11-12-2011 06:28 PM by 65°V12,26,"1,279"
600d73c49d5e445f904a45c0,Steam Having A Nice Sale On Two Great Racing Titles,65°V12,11-11-2011 12:53 AM by 65°V12,7,529
600d73c49d5e445f904a45c1,Have a DLP? Replace the lamp!,Barrister,11-10-2011 09:16 PM by Barrister,9,802
600d73c59d5e445f904a45c2,The Official Call of Duty: Black Ops Thread,Detailer,11-10-2011 08:59 PM by Detailer,350,"13,301"
600d73c59d5e445f904a45c3,Is this in our very near future?,STOPPIE,11-09-2011 01:23 PM by STOPPIE,4,675
600d73c69d5e445f904a45c4,Camcorder vs. DSLR?,GrayTT,10-31-2011 08:09 AM by GrayTT,1,545
600d73c69d5e445f904a45c5,Gta v,gmaccormack,10-30-2011 12:01 AM by gmaccormack,1,446
600d73c69d5e445f904a45c6,Question for all the Windows/PC/Exchange/Outlook gurus....,bmoores,10-26-2011 12:01 PM by bmoores,2,493
600d73c69d5e445f904a45c7,Forza 4 Tournament? Interested?,BigE,10-26-2011 12:53 AM by BigE,13,826
600d73c69d5e445f904a45c8,Wireless Routers,h20skier,10-25-2011 11:19 AM by h20skier,19,"1,057"
600d73c79d5e445f904a45c9,Unlock BF3 Early!,Winchm60,10-24-2011 08:54 PM by Winchm60,8,"1,181"
600d73c79d5e445f904a45ca,Ultimate Battlefield 3 Simulator,TTM0TION,10-20-2011 11:02 PM by TTM0TION,10,786
600d73c79d5e445f904a45cb,PS3 firmware help!,strebo,10-19-2011 02:41 PM by strebo,2,440
600d73c89d5e445f904a45cc,Official Team Speed Forza Motorsports 3 Tournament,kalifornicationx,10-19-2016 05:28 AM by kalifornicationx,88,"13,838"
600d73c89d5e445f904a45cd,"Teamspeed To Go. Download the Teamspeed Mobile app for your iPhone, iPad, or Droid!",TEFF,03-14-2012 12:12 PM by TEFF,12,"11,496"
600d73c89d5e445f904a45ce,Buy Beyerdynamic T 5 P or T 50 P and get a free pair of earphones!,SoundEarphones,10-17-2011 05:20 PM by SoundEarphones,0,698
600d73c89d5e445f904a45cf,Noise Canceling Headphones,SoundEarphones,10-15-2011 11:50 PM by SoundEarphones,27,"1,617"
600d73c89d5e445f904a45d0,R/C and other hobbies,Cooch,10-13-2011 12:01 AM by Cooch,56,"6,601"
600d73c89d5e445f904a45d1,"Switched On: Multi-room music's rocket ride",strebo,10-11-2011 09:36 AM by strebo,2,664
600d73c99d5e445f904a45d2,Anyone get/playing Rage?,65°V12,10-07-2011 10:07 PM by 65°V12,8,481
600d73c99d5e445f904a45d3,"The 70"" TV that I will be getting",stuka,10-06-2011 02:39 AM by stuka,40,"2,187"
600d73c99d5e445f904a45d4,cool PS3 commercial,sk8boy,10-06-2011 12:48 AM by sk8boy,0,453
600d73c99d5e445f904a45d5,The Official F1 2011 Thread,chapsbk,10-01-2011 09:19 AM by chapsbk,10,"1,076"
600d73ca9d5e445f904a45d6,PS3 All Region Hack,stuka,09-27-2011 01:24 PM by stuka,1,"1,894"
600d73ca9d5e445f904a45d7,Trials HD,"All We'll Drive","09-26-2011 05:58 PM by All We'll Drive",3,478
600d73ca9d5e445f904a45d8,Red Dead Redemption,"All We'll Drive","09-21-2011 09:13 PM by All We'll Drive",4,506
600d73ca9d5e445f904a45d9,PS3 Slim rocks,Chris from Cali,09-18-2011 12:57 PM by Chris from Cali,1,515
600d73ca9d5e445f904a45da,Router/proxy config question ...,Zorro,09-13-2011 07:04 PM by Zorro,0,553
600d73ca9d5e445f904a45db,Buy It Today...Enjoy It Tomorrow!,SoundEarphones,09-07-2011 02:59 PM by SoundEarphones,0,544
600d73cb9d5e445f904a45dc,15% off any all Tom Tom GPS systems,DJ,09-03-2011 11:12 AM by DJ,0,520
600d73cb9d5e445f904a45dd,"HD is dead on GF's laptop",Craddosk,08-31-2011 08:38 PM by Craddosk,13,950
600d73cb9d5e445f904a45de,Need For Speed:The Run - Limited Edition Trailer with new 911S,nrz,08-24-2011 05:53 PM by nrz,14,"1,213"
600d73cb9d5e445f904a45df,Mobiado Grand Touch & Grand Touch GCB Release @ SR,SR Auto Group,08-23-2011 06:56 PM by SR Auto Group,0,"1,963"
600d73cb9d5e445f904a45e0,Did the SATA2 3Gbps hack on my Thinkpad T61p,stuka,08-19-2011 08:57 PM by stuka,0,"1,622"
600d73cb9d5e445f904a45e1,HI-FI bookshelf stereo - help!,BuzzedHornet,08-19-2011 06:47 PM by BuzzedHornet,16,"1,340"
600d73cc9d5e445f904a45e2,Official Team Speed Forza Motorsports 3 Tournament,kalifornicationx,10-19-2016 05:28 AM by kalifornicationx,88,"13,838"
600d73cc9d5e445f904a45e3,"Teamspeed To Go. Download the Teamspeed Mobile app for your iPhone, iPad, or Droid!",TEFF,03-14-2012 12:12 PM by TEFF,12,"11,496"
600d73cd9d5e445f904a45e4,Anyone Play Tiny Tower?,Mini George,07-29-2011 11:59 PM by Mini George,11,984
600d73cd9d5e445f904a45e5,Battlefield 3 Trailer (MUST see),Mietek23,07-29-2011 10:04 PM by Mietek23,27,"1,574"
600d73cd9d5e445f904a45e6,Wordpress help - thumbnail stretching...,sheynk,07-27-2011 12:54 PM by sheynk,2,636
600d73cd9d5e445f904a45e7,Version 3 of SoundEarphones.com - Now Online,SoundEarphones,07-25-2011 02:44 PM by SoundEarphones,0,528
600d73cd9d5e445f904a45e8,Beyerdynamic T70 and T7P - Now Available for order,SoundEarphones,07-22-2011 12:21 PM by SoundEarphones,0,908
600d73cd9d5e445f904a45e9,Official GT5 Photo Thread,QYKSLVR,07-19-2011 05:11 AM by QYKSLVR,31,"3,967"
600d73ce9d5e445f904a45ea,New hard drive for the MacBook Pro: Part 2,Craigger,07-12-2011 09:02 AM by Craigger,1,511
600d73ce9d5e445f904a45eb,Sennheiser CXC 700 Active Noise-Canceling Headphones - Now Available,SoundEarphones,07-08-2011 10:54 AM by SoundEarphones,0,617
600d73ce9d5e445f904a45ec,Is PSN down!?!?!?,TTM0TION,07-05-2011 11:15 PM by TTM0TION,3,427
600d73ce9d5e445f904a45ed,Printer Advice Needed,Chris from Cali,07-05-2011 09:26 PM by Chris from Cali,8,587
600d73cf9d5e445f904a45ee,SoundEarphones Review: Klipsch S5i RUGGED Earphones,mannnu81,07-05-2011 01:28 PM by mannnu81,2,"1,254"
600d73cf9d5e445f904a45ef,"DA's for iphone / ipod",BuzzedHornet,07-05-2011 01:05 PM by BuzzedHornet,0,411
600d73cf9d5e445f904a45f0,Anyone own a Nintendo 3DS?,65°V12,07-05-2011 12:45 PM by 65°V12,4,478
600d73d09d5e445f904a45f1,SoundEarphones Review: SENNHEISER MM550 Headphones,SoundEarphones,07-05-2011 12:31 PM by SoundEarphones,0,801
600d73d09d5e445f904a45f2,SoundEarphones Review: YAMAHA TSX-140 iPod Dock,SoundEarphones,07-05-2011 12:21 PM by SoundEarphones,0,"2,277"
600d73d09d5e445f904a45f3,Soundearphones Review: SKULLCANDY HEAVY MEDAL,SoundEarphones,07-05-2011 12:12 PM by SoundEarphones,0,"15,330"
600d73d09d5e445f904a45f4,Sharp 70 inch 3D 240hz LED TV,djantlive,07-05-2011 01:30 AM by djantlive,9,"3,360"
600d73d09d5e445f904a45f5,Careful who you game with,STOPPIE,06-22-2011 04:31 PM by STOPPIE,2,607
600d73d09d5e445f904a45f6,Saw this epicly cool item,McRae,06-14-2011 04:33 PM by McRae,6,"1,519"
600d73d19d5e445f904a45f7,3d Blueray Players,theritz226,06-14-2011 04:17 PM by theritz226,13,"1,069"
600d73d19d5e445f904a45f8,Official Team Speed Forza Motorsports 3 Tournament,kalifornicationx,10-19-2016 05:28 AM by kalifornicationx,88,"13,838"
600d73d19d5e445f904a45f9,"Teamspeed To Go. Download the Teamspeed Mobile app for your iPhone, iPad, or Droid!",TEFF,03-14-2012 12:12 PM by TEFF,12,"11,496"
600d73d29d5e445f904a45fa,Ghost Recon: Future Soldier (for Kinect),Mini George,06-08-2011 03:45 PM by Mini George,4,688
600d73d29d5e445f904a45fb,"""Wii U"" - Nintendo’s new videogame console",65°V12,06-08-2011 12:34 AM by 65°V12,1,458
600d73d29d5e445f904a45fc,Looking for feedback on new blog,SamWise,06-07-2011 02:47 PM by SamWise,2,526
600d73d29d5e445f904a45fd,Media storage system for home,D.Liu,06-07-2011 02:11 PM by D.Liu,2,630
600d73d29d5e445f904a45fe,The Official E3 2011 Thread,65°V12,06-07-2011 02:40 AM by 65°V12,4,793
600d73d29d5e445f904a45ff,Need a new BBQ grill,45otto,06-04-2011 04:49 PM by 45otto,18,"1,838"
600d73d39d5e445f904a4600,Wireless Router,SoCal,05-31-2011 08:10 AM by SoCal,7,689
600d73d39d5e445f904a4601,Carbon Furniture - by Revozport,Ogaleicrum,05-30-2011 10:42 AM by Ogaleicrum,13,"2,720"
600d73d39d5e445f904a4602,Got an Audio Question....,Super Six Five,05-29-2011 03:09 AM by Super Six Five,3,597
600d73d39d5e445f904a4603,All Ubisoft Games 33% Off On Steam This Week!,Barrister,05-28-2011 03:43 PM by Barrister,18,793
600d73d39d5e445f904a4604,GT5 Carbon Racing Console - By Revozport,Revozport,05-28-2011 12:25 PM by Revozport,3,834
600d73d39d5e445f904a4605,Decent Plasma HDTVs,Ridgback,05-28-2011 08:48 AM by Ridgback,7,788
600d73d39d5e445f904a4606,PSN Password Recovery Service Down?,diskreet,05-27-2011 10:59 PM by diskreet,3,"1,434"
600d73d39d5e445f904a4607,Blackberry 9900,h20skier,05-22-2011 11:42 PM by h20skier,26,"1,843"
600d73d49d5e445f904a4608,Blu Ray Player that controls all actions,brnsrgn,05-16-2011 09:57 PM by brnsrgn,6,739
600d73d49d5e445f904a4609,The Official Battlefield: Bad Company 2 Thread (Multiplayer Demo Out Now!),sinan,05-16-2011 09:12 AM by sinan,101,"3,993"
600d73d49d5e445f904a460a,Sony PSN Data Breach Compromises 77 Million User Accounts,GuessWho,05-15-2011 07:03 PM by GuessWho,33,"2,254"
600d73d49d5e445f904a460b,Palm Pre Plus or iPhone 4?,TeutonicCarFan,05-14-2011 01:45 PM by TeutonicCarFan,2,789
600d73d49d5e445f904a460c,Looking for a Def Technologies Mythos 2 in Silver.,BuzzedHornet,05-11-2011 08:48 PM by BuzzedHornet,1,622
600d73d49d5e445f904a460d,New Medal of Honor game looks AWESOME,Super Six Five,05-11-2011 12:52 AM by Super Six Five,247,"11,616"
600d73d59d5e445f904a460e,Official Team Speed Forza Motorsports 3 Tournament,kalifornicationx,10-19-2016 05:28 AM by kalifornicationx,88,"13,838"
600d73d59d5e445f904a460f,"Teamspeed To Go. Download the Teamspeed Mobile app for your iPhone, iPad, or Droid!",TEFF,03-14-2012 12:12 PM by TEFF,12,"11,496"
600d73d59d5e445f904a4610,Shure SRH940 Headphone - Now shipping @ SoundEarphones.com,SoundEarphones,05-05-2011 01:28 PM by SoundEarphones,0,595
600d73d69d5e445f904a4611,"EarSoincs SM1, SM2 v2 & SM3 v2 - Now Available",SoundEarphones,05-04-2011 01:43 PM by SoundEarphones,0,"1,125"
600d73d69d5e445f904a4612,Contour 1080p Wearable Camera - Now Available at SoundEarphones.com,SoundEarphones,04-28-2011 01:46 PM by SoundEarphones,0,585
600d73d69d5e445f904a4613,Mortal kooombaaat!!!,Smoky,04-26-2011 01:33 PM by Smoky,7,638
600d73d69d5e445f904a4614,Tablets,ljg,04-23-2011 03:57 PM by ljg,27,"2,013"
600d73d69d5e445f904a4615,AT&T Takeover of T-mobile,STLG,04-19-2011 06:43 PM by STLG,0,458
600d73d79d5e445f904a4616,BlackBerry PlayBook review by Engadget,STLG,04-17-2011 02:25 AM by STLG,5,723
600d73d79d5e445f904a4617,So what shooter to get?,65°V12,04-17-2011 02:09 AM by 65°V12,16,"2,707"
600d73d79d5e445f904a4618,EarSonics SM2 and SM3 Sale,STLG,04-14-2011 03:09 PM by STLG,2,"1,842"
600d73d89d5e445f904a4619,Apple,slord,04-10-2011 07:29 PM by slord,22,"2,658"
600d73d89d5e445f904a461a,"Gamers, laptop cooler help",ADV.1 Matt,04-08-2011 01:42 PM by ADV.1 Matt,4,802
600d73d89d5e445f904a461b,Just upgraded to Def Tech Mythos STS speakers - which center should I buy? ++ PICS ++,Superfly,04-08-2011 12:59 AM by Superfly,7,"1,530"
600d73d89d5e445f904a461c,Earphones,STLG,04-05-2011 06:18 PM by STLG,12,"1,488"
600d73d89d5e445f904a461d,"Does anyone have any of the new Shure earphones (315, 425, 535)?",STLG,03-31-2011 01:15 PM by STLG,5,"1,126"
600d73d89d5e445f904a461e,Shure SE215 Earphones - Now Shipping @ SoundEarphones,STLG,03-31-2011 12:01 PM by STLG,3,844
600d73d99d5e445f904a461f,Killzone 3,Alex_997TurboRSC,03-31-2011 06:06 AM by Alex_997TurboRSC,10,970
600d73d99d5e445f904a4620,Help With New Tv,C Money,03-25-2011 05:02 PM by C Money,9,"2,863"
600d73d99d5e445f904a4621,Test Drive Unlimited 2,Winchm60,03-25-2011 10:52 AM by Winchm60,30,"2,705"
600d73d99d5e445f904a4622,iCade...something else for your iPad,sinan,03-23-2011 05:14 AM by sinan,1,490
600d73d99d5e445f904a4623,MLB 11: The Show - Comes Out Tomorrow,Barrister,03-07-2011 01:06 AM by Barrister,2,640
600d73da9d5e445f904a4624,Official Team Speed Forza Motorsports 3 Tournament,kalifornicationx,10-19-2016 05:28 AM by kalifornicationx,88,"13,838"
600d73da9d5e445f904a4625,"Teamspeed To Go. Download the Teamspeed Mobile app for your iPhone, iPad, or Droid!",TEFF,03-14-2012 12:12 PM by TEFF,12,"11,496"
600d73da9d5e445f904a4626,Has anyone been playing NFS Hot Pursuit??,65°V12,03-05-2011 06:37 PM by 65°V12,20,"1,654"
600d73da9d5e445f904a4627,What type of phone do you have?,roccoman,03-04-2011 12:19 PM by roccoman,64,"4,053"
600d73da9d5e445f904a4628,FS: Bunch Of Video Games and South Park Complete DVD Seasons 1-6,Barrister,02-25-2011 08:53 PM by Barrister,3,656
600d73db9d5e445f904a4629,THE PAGANI HUAYRA -- Exclusive to SHIFT 2 Unleashed,Alzilla,02-19-2011 12:53 PM by Alzilla,1,552
600d73db9d5e445f904a462a,Need an iPod Dock? The new 2011 Yamaha have arrived.,Yonder,02-16-2011 03:46 PM by Yonder,7,"1,568"
600d73db9d5e445f904a462b,Wadia iTransport 171i - Now In Stock,ljg,02-11-2011 04:22 PM by ljg,3,"1,309"
600d73db9d5e445f904a462c,Beltronics STI Driver Radar Detector?,C Money,02-10-2011 12:08 PM by C Money,1,463
600d73db9d5e445f904a462d,Fan repair on my 5281F Samsung local dimming TV,stuka,02-09-2011 06:16 PM by stuka,0,"1,214"
600d73db9d5e445f904a462e,Talk to me about the PDP607CMX 60 inch Plasma,C Money,02-08-2011 07:37 PM by C Money,4,529
600d73dc9d5e445f904a462f,Official: Battlefield 3,Chris from Cali,02-04-2011 02:39 PM by Chris from Cali,3,604
600d73dc9d5e445f904a4630,"Best Buy to announce ""Buy Back"" program during the Superbowl",Barrister,02-03-2011 08:14 PM by Barrister,10,"1,234"
600d73dc9d5e445f904a4631,Local dimming LED TV 2011,DchaMD,02-02-2011 11:59 AM by DchaMD,11,"2,531"
600d73dc9d5e445f904a4632,Teamspeed Gaming Review: Killzone 2,Andrew,02-02-2011 11:55 AM by Andrew,16,"2,389"
600d73dc9d5e445f904a4633,Ps3 + gt5,Andrew,02-02-2011 11:55 AM by Andrew,13,"1,267"
600d73dc9d5e445f904a4634,Looking for I-pod stereo with some punch,djantlive,01-29-2011 11:58 AM by djantlive,2,695
600d73dd9d5e445f904a4635,Monster Beats Pro Headphones - Now Shipping.,SoundEarphones,01-28-2011 01:05 PM by SoundEarphones,0,966
600d73dd9d5e445f904a4636,JAYS a-JAYS Four :: Now Shipping @ SoundEarphones.com,SoundEarphones,01-27-2011 11:57 AM by SoundEarphones,2,"1,020"
600d73dd9d5e445f904a4637,"Hidden Cable boxes, best remote control sensor-extenders?",ljg,01-26-2011 05:13 PM by ljg,2,"7,260"
600d73dd9d5e445f904a4638,Shopping for a Receiver:  Educate Me,Barrister,01-25-2011 08:12 PM by Barrister,30,"1,877"
600d73dd9d5e445f904a4639,Is the PS3 still considered to be a quality stand-alone BD player?,Andrew,01-25-2011 03:28 PM by Andrew,12,979
600d73de9d5e445f904a463a,Official Team Speed Forza Motorsports 3 Tournament,kalifornicationx,10-19-2016 05:28 AM by kalifornicationx,88,"13,838"
600d73de9d5e445f904a463b,"Teamspeed To Go. Download the Teamspeed Mobile app for your iPhone, iPad, or Droid!",TEFF,03-14-2012 12:12 PM by TEFF,12,"11,496"
600d73df9d5e445f904a463c,Selling Some Unopened PC Games,Barrister,01-24-2011 06:39 PM by Barrister,18,"1,133"
600d73df9d5e445f904a463d,"Anyone looking for a 82"" LCD?  Have a few...",vtgts300kw,01-17-2011 07:31 PM by vtgts300kw,18,"1,124"
600d73df9d5e445f904a463e,Anyone have the new DC Universe MMO?,"All We'll Drive","01-13-2011 04:48 PM by All We'll Drive",0,509
600d73df9d5e445f904a463f,CES Reports?,stuka,01-10-2011 04:20 PM by stuka,2,558
600d73df9d5e445f904a4640,"65"" is so 2010, try 72""",StealthPilot,01-09-2011 09:03 PM by StealthPilot,20,"1,844"
600d73df9d5e445f904a4641,[PICS]: My new Sony 3D TV and Pioneer Elite AV Receiver | HT setup,RonnieRenaldi,01-06-2011 10:52 PM by RonnieRenaldi,21,"4,989"
600d73df9d5e445f904a4642,PS3 Netflix 5.1 surround mystery solved,Andrew,01-03-2011 04:12 PM by Andrew,3,"2,793"
600d73e09d5e445f904a4643,"Educate me on ~60"" flat panal TV's",stuka,01-01-2011 12:40 AM by stuka,41,"2,559"
600d73e09d5e445f904a4644,Netflix PS3 Question,Andrew,12-31-2010 12:00 AM by Andrew,12,"3,394"
600d73e09d5e445f904a4645,What to buy?  Laptop needed,ZAMIRZ,12-29-2010 02:39 AM by ZAMIRZ,50,"2,593"
600d73e19d5e445f904a4646,Best user friendly Linux distro?,m5love,12-28-2010 11:21 PM by m5love,0,468
600d73e19d5e445f904a4647,Which BB should I get,03-turbo911,12-28-2010 02:33 AM by 03-turbo911,27,"1,289"
600d73e19d5e445f904a4648,Logitech Revue with Google TV,chokeu2,12-24-2010 12:55 PM by chokeu2,5,556
600d73e19d5e445f904a4649,LOL- Gifts you should return!,KT,12-23-2010 04:20 PM by KT,11,"1,126"
600d73e29d5e445f904a464a,Klipsch Image One and S5i Rugged - Now Shipping!,SoundEarphones,12-21-2010 01:25 PM by SoundEarphones,0,477
600d73e29d5e445f904a464b,Fastest Lap Game,ljg,12-16-2010 09:00 PM by ljg,33,"1,674"
600d73e29d5e445f904a464c,Out with the old,PorscheFanatic,12-16-2010 02:05 PM by PorscheFanatic,18,966
600d73e29d5e445f904a464d,WSJ Verizon to get iPhone in early 2011,richieporter,12-14-2010 09:39 PM by richieporter,5,563
600d73e29d5e445f904a464e,Fastest Lap Game,richieporter,12-14-2010 09:32 PM by richieporter,2,456
600d73e29d5e445f904a464f,Show us your gaming cockpit/seat etc.,Zymi,12-14-2010 01:23 PM by Zymi,15,"2,212"
600d73e39d5e445f904a4650,Official Team Speed Forza Motorsports 3 Tournament,kalifornicationx,10-19-2016 05:28 AM by kalifornicationx,88,"13,838"
600d73e39d5e445f904a4651,"Teamspeed To Go. Download the Teamspeed Mobile app for your iPhone, iPad, or Droid!",TEFF,03-14-2012 12:12 PM by TEFF,12,"11,496"
600d73e39d5e445f904a4652,My New Computer,djantlive,12-11-2010 09:47 PM by djantlive,1,444
600d73e49d5e445f904a4653,Random Ques about 360 Hard Drive,blackburry,12-11-2010 04:58 PM by blackburry,12,859
600d73e49d5e445f904a4654,PICTURES - Top 12 most luxurious custom made home theaters,Jpantel,12-10-2010 05:34 PM by Jpantel,19,"4,055"
600d73e49d5e445f904a4655,"The Official Forza 3 gamer's thread",JonA85,12-08-2010 10:08 PM by JonA85,323,"16,228"
600d73e49d5e445f904a4656,F1 2010,X2daC,12-08-2010 12:38 PM by X2daC,68,"3,348"
600d73e49d5e445f904a4657,TJ Maxx - 16GB iPad for $399,ljg,12-07-2010 10:06 PM by ljg,20,"1,555"
600d73e49d5e445f904a4658,VIDEO - Halo Elite Costume,McRae,12-07-2010 05:26 PM by McRae,4,"5,056"
600d73e49d5e445f904a4659,Sonos... Anyone here tried the system?,Ludas,12-07-2010 03:14 AM by Ludas,5,865
600d73e59d5e445f904a465a,Homefront,STOPPIE,12-06-2010 03:49 PM by STOPPIE,4,428
600d73e59d5e445f904a465b,Google Adwords Voucher,propr`one,12-06-2010 02:23 PM by propr`one,0,358
600d73e59d5e445f904a465c,::The Official Android Thread::,h20skier,12-02-2010 11:31 PM by h20skier,31,"1,735"
600d73e59d5e445f904a465d,Noise Cancelling for air travel,Edbrat,12-01-2010 05:44 PM by Edbrat,18,"1,269"
600d73e59d5e445f904a465e,Explorer 8 vs Google Chrome thoughts?,ashokn225,11-30-2010 05:31 PM by ashokn225,16,"1,084"
600d73e59d5e445f904a465f,downloading from youtube,Hot Shot,11-30-2010 05:34 AM by Hot Shot,10,903
600d73e59d5e445f904a4660,Cyber Monday deals,Hot Shot,11-29-2010 08:47 PM by Hot Shot,4,773
600d73e69d5e445f904a4661,Sennheiser MM550 Travel and PXC360 BT Headphones - Now Shipping.,SoundEarphones,11-17-2010 10:12 AM by SoundEarphones,0,"1,408"
600d73e69d5e445f904a4662,What IEMs should I get?,SoundEarphones,11-17-2010 10:11 AM by SoundEarphones,4,983
600d73e69d5e445f904a4663,Outdoor Weatherproof TV,Jpantel,11-10-2010 08:13 PM by Jpantel,2,721
600d73e69d5e445f904a4664,JAYS Earphones - Now available again at SoundEarphones,SoundEarphones,11-05-2010 03:46 PM by SoundEarphones,0,511
600d73e69d5e445f904a4665,::Please Welcome back SoundEarphones to TEAMSPEED!::,SoundEarphones,10-31-2010 04:45 PM by SoundEarphones,6,639
600d73e79d5e445f904a4666,Official Team Speed Forza Motorsports 3 Tournament,kalifornicationx,10-19-2016 05:28 AM by kalifornicationx,88,"13,838"
600d73e79d5e445f904a4667,"Teamspeed To Go. Download the Teamspeed Mobile app for your iPhone, iPad, or Droid!",TEFF,03-14-2012 12:12 PM by TEFF,12,"11,496"
600d73e79d5e445f904a4668,Cobra iRadar,barchetta7550,10-30-2010 12:08 PM by barchetta7550,0,680
600d73e79d5e445f904a4669,"ESCORT Announces PASSPORT iQ™ -- The World's First Fully Integrated Driving Accessory",SoCal,10-28-2010 06:37 AM by SoCal,4,"1,065"
600d73e79d5e445f904a466a,The Official Battlefield Bad Company 2 Thread,sinan,10-25-2010 05:50 AM by sinan,2,499
600d73e79d5e445f904a466b,samsung galaxy tablet,Alzilla,10-03-2010 10:45 PM by Alzilla,5,"1,629"
600d73e89d5e445f904a466c,TeamSpeed Forza Motorsport 3 Drawing!,Wild-Speed,10-01-2010 01:51 PM by Wild-Speed,10,"1,023"
600d73e89d5e445f904a466d,iPad Targus Stylus Review,chapsbk,09-30-2010 07:08 AM by chapsbk,0,"1,184"
600d73e89d5e445f904a466e,Blackberry launches Playbook rival to iPad,rico,09-29-2010 04:33 AM by rico,21,"1,560"
600d73e89d5e445f904a466f,Outdoor Weatherproof TV,Jpantel,09-25-2010 10:35 PM by Jpantel,0,600
600d73e89d5e445f904a4670,WTH? Google predictive text wont shut off,STOPPIE,09-25-2010 10:49 AM by STOPPIE,25,"4,248"
600d73e99d5e445f904a4671,Got a new Galaxy S Android..,Curvejunkie,09-22-2010 07:25 PM by Curvejunkie,0,511
600d73e99d5e445f904a4672,Need help: Buying an audio system for my Nephew,cleanme,09-20-2010 04:00 PM by cleanme,15,"1,012"
600d73e99d5e445f904a4673,"Damn cable box, anyone have advice?",STOPPIE,09-19-2010 09:42 PM by STOPPIE,3,"5,392"
600d73e99d5e445f904a4674,Android Help,strebo,09-19-2010 08:33 AM by strebo,3,569
600d73e99d5e445f904a4675,New Thinkpad,Zymi,09-18-2010 01:32 PM by Zymi,13,"1,098"
600d73e99d5e445f904a4676,The Official Halo Reach Thread,Ara,09-18-2010 01:04 PM by Ara,8,639
600d73ea9d5e445f904a4677,"New Thinkpad, Part 2",Jeff_NJ,09-18-2010 12:27 PM by Jeff_NJ,7,536
600d73ea9d5e445f904a4678,changing wallpaper in windows 7 starter,IIVVX,09-17-2010 08:48 PM by IIVVX,0,831
600d73ea9d5e445f904a4679,Ordered my new Fanatec GT3 RS v2 Wheel,chapsbk,09-17-2010 03:24 AM by chapsbk,6,"2,321"
600d73ea9d5e445f904a467a,GoPro and HD?,GrayTT,09-14-2010 10:46 AM by GrayTT,10,934
600d73ea9d5e445f904a467b,Starcraft II,Beef,09-11-2010 03:49 PM by Beef,17,"1,070"
600d73eb9d5e445f904a467c,Official Team Speed Forza Motorsports 3 Tournament,kalifornicationx,10-19-2016 05:28 AM by kalifornicationx,88,"13,838"
600d73eb9d5e445f904a467d,"Teamspeed To Go. Download the Teamspeed Mobile app for your iPhone, iPad, or Droid!",TEFF,03-14-2012 12:12 PM by TEFF,12,"11,496"
600d73eb9d5e445f904a467e,Looking for a robotic pool cleaner ??,sean,09-08-2010 02:23 PM by sean,3,571
600d73eb9d5e445f904a467f,RC Boating - Looking for some advice,BigE,09-04-2010 09:41 AM by BigE,10,994
600d73ec9d5e445f904a4680,VIDEO - F1 2010 gameplay footage...MIND BLASTING!!!,"All We'll Drive","09-01-2010 11:15 AM by All We'll Drive",11,812
600d73ec9d5e445f904a4681,"3d TV's?",cstroked,08-30-2010 02:00 AM by cstroked,34,"2,136"
600d73ec9d5e445f904a4682,"Carbon ""beats by dr dre"" headphones",Chris from Cali,08-25-2010 11:38 PM by Chris from Cali,6,"5,933"
600d73ec9d5e445f904a4683,"Official Team Speed Forza Motorsports 3 Tournament, Round 2",Bonita,08-25-2010 01:58 PM by Bonita,3,558
600d73ec9d5e445f904a4684,New Earphones.  Suggestions?,GT3 KID,08-25-2010 01:16 AM by GT3 KID,17,972
600d73ec9d5e445f904a4685,How Many Own the Palm Pre,theritz226,08-24-2010 10:27 PM by theritz226,0,487
600d73ec9d5e445f904a4686,Star Wars MMO clip,"All We'll Drive","08-20-2010 10:05 AM by All We'll Drive",2,589
600d73ed9d5e445f904a4687,PS3 Hacked!,cleanme,08-19-2010 01:15 PM by cleanme,2,497
600d73ed9d5e445f904a4688,Going to make the leap- Verizon to ATT (for iPhone 4),STOPPIE,08-18-2010 04:20 PM by STOPPIE,36,"1,720"
600d73ed9d5e445f904a4689,PS4? so soon!!,Chris from Cali,08-17-2010 07:57 PM by Chris from Cali,26,"5,115"
600d73ed9d5e445f904a468a,"So, who's got a Droid?",stuka,08-16-2010 10:53 PM by stuka,2,521
600d73ed9d5e445f904a468b,"Guess who's back ?",ECB,08-16-2010 05:23 PM by ECB,4,583
600d73ed9d5e445f904a468c,Recs for a 32gb memory card?,bonehead,08-16-2010 01:20 PM by bonehead,9,583
600d73ee9d5e445f904a468d,wireless night vision IP camera with sound,Gobbles,08-11-2010 12:10 AM by Gobbles,3,550
600d73ee9d5e445f904a468e,Droid X,stuka,08-05-2010 02:14 AM by stuka,0,468
600d73ee9d5e445f904a468f,help with ts on cell internet,TiAgMC,07-30-2010 11:25 PM by TiAgMC,2,506
600d73ee9d5e445f904a4690,Who here played CS?!,GLN,07-25-2010 06:17 PM by GLN,9,622
600d73ee9d5e445f904a4691,DOW2 question.,sean73T,07-24-2010 03:17 AM by sean73T,0,402
600d73ef9d5e445f904a4692,Official Team Speed Forza Motorsports 3 Tournament,kalifornicationx,10-19-2016 05:28 AM by kalifornicationx,88,"13,838"
600d73ef9d5e445f904a4693,"Teamspeed To Go. Download the Teamspeed Mobile app for your iPhone, iPad, or Droid!",TEFF,03-14-2012 12:12 PM by TEFF,12,"11,496"
600d73ef9d5e445f904a4694,"32"" Tv","All We'll Drive","07-20-2010 05:02 PM by All We'll Drive",1,502
600d73ef9d5e445f904a4695,Droid X,carbonSSG,07-19-2010 03:35 PM by carbonSSG,13,"1,103"
600d73ef9d5e445f904a4696,Need help with Vegas Movie Studio 10.,Carrera,07-17-2010 07:31 AM by Carrera,0,480
600d73ef9d5e445f904a4697,MAC/iPad + Crestron= Perfection,StanAi,07-12-2010 01:06 PM by StanAi,13,"2,545"
600d73f09d5e445f904a4698,Calling Gaming PC Geeks... Advice on a new Rig...,daedalus,07-08-2010 02:57 PM by daedalus,18,"1,139"
600d73f09d5e445f904a4699,Forza 3 Tournament Interested?,[email protected],06-28-2010 10:04 AM by [email protected],24,"1,427"
600d73f09d5e445f904a469a,iPhone OS 4.0 is on my phone!,Bronto,06-22-2010 07:17 AM by Bronto,11,"1,153"
600d73f09d5e445f904a469b,"For those using older OS's such as XP, great font upgrade - Clear Type",03-turbo911,06-22-2010 04:14 AM by 03-turbo911,1,530
600d73f09d5e445f904a469c,"Wrc'10",vtgts300kw,06-21-2010 01:10 AM by vtgts300kw,4,554
600d73f09d5e445f904a469d,E3 Expo Recap...Thus far,cleanme,06-20-2010 04:11 PM by cleanme,9,649
600d73f09d5e445f904a469e,PAL to NTSC converters,Gobbles,06-16-2010 11:01 AM by Gobbles,2,489
600d73f19d5e445f904a469f,What service provider do you have? (Cell Phone),stuka,06-09-2010 01:31 PM by stuka,27,"1,409"
600d73f19d5e445f904a46a0,Help with HD Camcorder,stuka,06-09-2010 01:00 AM by stuka,4,613
600d73f19d5e445f904a46a1,Am I screwed?,Mythic,06-06-2010 05:30 PM by Mythic,17,"1,247"
600d73f19d5e445f904a46a2,Call of Duty: Black Ops,Chris from Cali,06-06-2010 12:37 PM by Chris from Cali,28,"1,676"
600d73f19d5e445f904a46a3,Do I need a new Video Card?,CrazyRuskie,06-03-2010 01:40 PM by CrazyRuskie,3,488
600d73f19d5e445f904a46a4,"Dana, I'm Calling you out!! (Nerd Content)",Montana,06-02-2010 10:39 PM by Montana,16,"1,238"
600d73f29d5e445f904a46a5,Pioneer Lab: PandoraLink,DJ,06-01-2010 03:48 PM by DJ,0,545
600d73f29d5e445f904a46a6,Blackberry replacement,MiniHawk,05-31-2010 12:39 AM by MiniHawk,6,600
600d73f29d5e445f904a46a7,Read Dead Redemption.,sean,05-26-2010 02:40 AM by sean,5,466
600d73f39d5e445f904a46a8,Official Team Speed Forza Motorsports 3 Tournament,kalifornicationx,10-19-2016 05:28 AM by kalifornicationx,88,"13,838"
600d73f39d5e445f904a46a9,"Teamspeed To Go. Download the Teamspeed Mobile app for your iPhone, iPad, or Droid!",TEFF,03-14-2012 12:12 PM by TEFF,12,"11,496"
600d73f39d5e445f904a46aa,Top 10 Hardest Games...,Dynamic,05-19-2010 01:09 PM by Dynamic,8,800
600d73f39d5e445f904a46ab,Best Driving Simulator,Dynamic,05-14-2010 06:58 PM by Dynamic,13,"5,923"
600d73f39d5e445f904a46ac,Bowers and Wilkins P5 Headphones,DJ,05-12-2010 01:31 PM by DJ,2,608
600d73f39d5e445f904a46ad,Latest pictures from Parkplace secure storage,tblackj,05-10-2010 02:29 PM by tblackj,5,883
600d73f39d5e445f904a46ae,HTC (Droid) Incredible to be released 4/29,Bonita,05-10-2010 01:00 PM by Bonita,12,"1,193"
600d73f39d5e445f904a46af,Arcam Solo Movie 5.1 - worth the $$$??,slik560,05-10-2010 12:49 PM by slik560,0,576
600d73f49d5e445f904a46b0,"Look Out! Daddy's Got A Brand New Toy . . .",Bonita,05-07-2010 08:43 AM by Bonita,40,"2,902"
600d73f49d5e445f904a46b1,15% Off Mothers Day Sale!,SoundEarphones,05-04-2010 03:43 PM by SoundEarphones,0,465
600d73f49d5e445f904a46b2,Klipsch SXT iPod Dock - On TS Special,Schwabe,05-03-2010 03:12 PM by Schwabe,1,553
600d73f49d5e445f904a46b3,Just Ordered A New Gaming Rig - Falcon Northwest Mach V,Shadow,05-02-2010 05:37 PM by Shadow,51,"3,129"
600d73f49d5e445f904a46b4,BlackBerry Pearl 3G revealed: two keypad styles and 802.11n WiFi,Striker,04-26-2010 01:18 PM by Striker,3,475
600d73f49d5e445f904a46b5,"BlackBerry Bold 9650 announced, targets Tour owners' big complaints",DJ,04-26-2010 12:20 PM by DJ,0,512
600d73f59d5e445f904a46b6,Stupid Q about location of cable modem,propr`one,04-25-2010 01:49 PM by propr`one,3,455
600d73f59d5e445f904a46b7,Anyone Have A Connection for These Pendent Lights?,Still Lost,04-24-2010 03:15 PM by Still Lost,0,392
600d73f59d5e445f904a46b8,Shure 530 or SuperFi 10? IEM recommendations,freshdown,04-23-2010 01:58 PM by freshdown,6,597
600d73f59d5e445f904a46b9,PSA: Instant Starcraft 2 Beta access when you preorder from GameStop,Dynamic,04-21-2010 10:11 AM by Dynamic,0,466
600d73f69d5e445f904a46ba,New nüvi 3700 series redefines look and feel of personal navigation,DJ,04-19-2010 02:14 PM by DJ,0,424
600d73f69d5e445f904a46bb,Gears of War 3 ahses to ashes trailer  is Epic,Wearymicrobe,04-14-2010 08:52 PM by Wearymicrobe,7,499
600d73f69d5e445f904a46bc,Sennheiser HD 448 Headphones - Back in stock @ SoundEarphones,SoundEarphones,04-14-2010 02:21 PM by SoundEarphones,0,442
600d73f69d5e445f904a46bd,Awesome Commercial,JCay,04-09-2010 08:13 PM by JCay,3,451
600d73f79d5e445f904a46be,Official Team Speed Forza Motorsports 3 Tournament,kalifornicationx,10-19-2016 05:28 AM by kalifornicationx,88,"13,838"
600d73f79d5e445f904a46bf,"Teamspeed To Go. Download the Teamspeed Mobile app for your iPhone, iPad, or Droid!",TEFF,03-14-2012 12:12 PM by TEFF,12,"11,496"
600d73f79d5e445f904a46c0,Buffalo WHR-HP-G54 Router,STLG,04-07-2010 08:38 PM by STLG,5,485
600d73f79d5e445f904a46c1,password help,burnzie,03-29-2010 11:03 PM by burnzie,4,595
600d73f89d5e445f904a46c2,"I'm glad I have Sprint - HTC Evo 4G announced today",Dynamic,03-24-2010 07:09 PM by Dynamic,1,889
600d73f89d5e445f904a46c3,Best Auto racing/chase movie?,daedalus,03-24-2010 04:58 PM by daedalus,20,"1,328"
600d73f89d5e445f904a46c4,Mass Effect 2 fans out there?,Wearymicrobe,03-21-2010 11:44 AM by Wearymicrobe,10,804
600d73f89d5e445f904a46c5,God Of War III For PS3,Chris from Cali,03-18-2010 03:37 PM by Chris from Cali,4,369
600d73f89d5e445f904a46c6,Can you say Perfect Dark?,Dynamic,03-18-2010 01:54 AM by Dynamic,11,894
600d73f89d5e445f904a46c7,Klipsch Image X10i - Now Shipping!,SoundEarphones,03-17-2010 12:13 PM by SoundEarphones,0,426
600d73f99d5e445f904a46c8,Coolest Gear - Bugatti Veyron Themed Sony PSP GO,4Wheels,03-16-2010 11:53 AM by 4Wheels,2,759
600d73f99d5e445f904a46c9,dodgy site or what?,Nav,03-12-2010 03:07 PM by Nav,1,583
600d73f99d5e445f904a46ca,"New GT5 ""nights"" Video - Trailer",edbhr,03-10-2010 06:58 PM by edbhr,13,792
600d73f99d5e445f904a46cb,PS3 Suffering From Global Network Lockdown,Nav,03-09-2010 03:10 PM by Nav,31,"1,277"
600d73f99d5e445f904a46cc,How to connect TV to wireless network at home?,Nav,03-09-2010 03:02 PM by Nav,7,946
600d73f99d5e445f904a46cd,The Official F1 2010 Thread,strebo,03-09-2010 04:33 AM by strebo,7,489
600d73fa9d5e445f904a46ce,Beyerdynamic - Now Available @ SoundEarphones,SoundEarphones,03-04-2010 02:03 PM by SoundEarphones,0,374
600d73fa9d5e445f904a46cf,Blackberry 9700,crazy1323,03-03-2010 12:31 AM by crazy1323,19,"1,252"
600d73fa9d5e445f904a46d0,MLB 10 The Show On PS3,Barrister,03-02-2010 10:46 PM by Barrister,0,394
600d73fa9d5e445f904a46d1,H2O Audio - Now Available @SoundEarphones,STLG,02-23-2010 08:52 PM by STLG,5,403
600d73fa9d5e445f904a46d2,10% Off Your Order @ SoundEarphones,SoundEarphones,02-23-2010 04:08 PM by SoundEarphones,0,386
600d73fa9d5e445f904a46d3,"The official Gran Turismo 5's European Box !!!",Chris from Cali,02-22-2010 06:05 PM by Chris from Cali,34,"2,773"
600d73fb9d5e445f904a46d4,Official Team Speed Forza Motorsports 3 Tournament,kalifornicationx,10-19-2016 05:28 AM by kalifornicationx,88,"13,838"
600d73fb9d5e445f904a46d5,"Teamspeed To Go. Download the Teamspeed Mobile app for your iPhone, iPad, or Droid!",TEFF,03-14-2012 12:12 PM by TEFF,12,"11,496"
600d73fb9d5e445f904a46d6,Star Trek Online,Barrister,02-12-2010 06:24 PM by Barrister,9,499
600d73fc9d5e445f904a46d7,"I can't believe Lexicon would stoop this low",Wearymicrobe,02-09-2010 09:23 PM by Wearymicrobe,16,"1,166"
600d73fc9d5e445f904a46d8,Monster Turbine PRO Earphones in Copper - Now shipping!,SoundEarphones,02-01-2010 12:14 PM by SoundEarphones,0,419
600d73fc9d5e445f904a46d9,New Apple iPad,andy102,01-28-2010 03:03 PM by andy102,12,938
600d73fc9d5e445f904a46da,Bluetooth plz help??,PatrickHenry,01-26-2010 12:52 AM by PatrickHenry,2,436
600d73fc9d5e445f904a46db,Mag,Chris from Cali,01-25-2010 08:45 PM by Chris from Cali,4,447
600d73fc9d5e445f904a46dc,"Mass Effect 2 - Who's Excited!?",KimoTh3rapy,01-25-2010 11:39 AM by KimoTh3rapy,6,484
600d73fd9d5e445f904a46dd,Best bumper sticker ever,burnzie,01-24-2010 02:50 AM by burnzie,0,606
600d73fd9d5e445f904a46de,Westone Earphones - Now Available @ SoundEarphones,SoundEarphones,01-22-2010 07:46 PM by SoundEarphones,0,436
600d73fd9d5e445f904a46df,15% Off @ SoundEarphones,SoundEarphones,01-20-2010 05:04 PM by SoundEarphones,0,420
600d73fd9d5e445f904a46e0,Gateway pumps out EC Series ultraportables,Schwabe,01-19-2010 11:49 AM by Schwabe,4,952
600d73fd9d5e445f904a46e1,"What's your favourite game of all time?",Nath4N,01-13-2010 03:42 PM by Nath4N,45,"2,114"
600d73fd9d5e445f904a46e2,Shii: The Wii for her ...,Mayoof,01-01-2010 06:02 AM by Mayoof,10,"1,107"
600d73fd9d5e445f904a46e3,Modern Warfare 2 Single Player Story (Spoilers),Gobbles,12-30-2009 10:05 PM by Gobbles,8,488
600d73fe9d5e445f904a46e4,Year-End Sale @ SoundEarphones,SoundEarphones,12-26-2009 03:48 PM by SoundEarphones,0,456
600d73fe9d5e445f904a46e5,iPhone Developer Tapulous Captures Sales of Nearly $1 Million Per Month,DJ,12-24-2009 06:28 PM by DJ,0,522
600d73fe9d5e445f904a46e6,15% Off @ SoundEarphones.com,Christian,12-21-2009 12:17 PM by Christian,1,447
600d73fe9d5e445f904a46e7,Comcast vs. Verizon Fios,"All We'll Drive","12-21-2009 11:39 AM by All We'll Drive",7,"1,047"
600d73fe9d5e445f904a46e8,New Sennheiser Headphones - Now In Stock.,SoundEarphones,12-16-2009 01:36 PM by SoundEarphones,0,"1,874"
600d73fe9d5e445f904a46e9,Real Cheap Plasma,gfroman,12-15-2009 08:43 PM by gfroman,14,"1,090"
600d73ff9d5e445f904a46ea,Official Team Speed Forza Motorsports 3 Tournament,kalifornicationx,10-19-2016 05:28 AM by kalifornicationx,88,"13,838"
600d73ff9d5e445f904a46eb,"Teamspeed To Go. Download the Teamspeed Mobile app for your iPhone, iPad, or Droid!",TEFF,03-14-2012 12:12 PM by TEFF,12,"11,496"
600d73ff9d5e445f904a46ec,Digital Photo Albums,Gobbles,12-11-2009 10:40 AM by Gobbles,3,484
600d73ff9d5e445f904a46ed,XBOX360 Elite or new PS3...,smokinghot4cars,12-08-2009 01:21 PM by smokinghot4cars,41,"2,083"
600d74009d5e445f904a46ee,Wireless electricity demo: Eric Giler on TED.com,Schwabe,12-07-2009 10:30 PM by Schwabe,16,"1,010"
600d74009d5e445f904a46ef,"Is there a ""Show us your home-theater or tv room setup"" thread?",DchaMD,11-30-2009 04:59 PM by DchaMD,1,"1,038"
600d74009d5e445f904a46f0,What to buy instead of a Blose Wave?,stuka,11-27-2009 06:42 PM by stuka,21,"1,703"
600d74009d5e445f904a46f1,Good external hard drive?,SoCal,11-27-2009 01:49 PM by SoCal,11,876
600d74009d5e445f904a46f2,Black Friday Specials @ SoundEarphones,SoundEarphones,11-26-2009 09:23 AM by SoundEarphones,0,551
600d74009d5e445f904a46f3,Flat screen TV Question,domesticdemon,11-24-2009 06:22 PM by domesticdemon,5,516
600d74019d5e445f904a46f4,Google Maps Navigation officially comes to Android 1.6,ljg,11-23-2009 09:50 PM by ljg,1,422
600d74019d5e445f904a46f5,Awesome Gulf Porsche 917-inspired couch!,Alzilla,11-22-2009 05:03 PM by Alzilla,0,"1,781"
600d74019d5e445f904a46f6,Sleek-Audio SA1 - Now Available for Pre Order!,SoundEarphones,11-21-2009 03:12 PM by SoundEarphones,1,640
600d74019d5e445f904a46f7,Grado iGi Earphones - Back in stock @ SoundEarphones,SoundEarphones,11-21-2009 03:12 PM by SoundEarphones,14,"1,535"
600d74019d5e445f904a46f8,"PS3 Locked up and won't function?",TUUNER,11-20-2009 01:23 PM by TUUNER,6,619
600d74019d5e445f904a46f9,"Brit Blog Names iPhone 'World's Worst'",Chris from Cali,11-19-2009 10:50 PM by Chris from Cali,13,849
600d74029d5e445f904a46fa,iPod-ready 2-channel x 2 room music system for under $600?,djantlive,11-18-2009 12:43 PM by djantlive,3,440
600d74029d5e445f904a46fb,"Motorola Droid gets fully previewed, 'must-have' claims may not be far off",joekimdds,11-17-2009 04:48 PM by joekimdds,12,"1,076"
600d74029d5e445f904a46fc,Need For Speed: Shift,adamr,11-13-2009 09:46 AM by adamr,79,"4,199"
600d74029d5e445f904a46fd,Audiophile CABLES For Sale!!,gfroman,11-12-2009 07:14 PM by gfroman,0,981
600d74029d5e445f904a46fe,FS :Aerial Acoustics 20T - Flagship Speakers,ProspectM,11-12-2009 05:46 PM by ProspectM,15,"3,118"
600d74029d5e445f904a46ff,Shure SRH750DJ DJ Headphones :: In-Stock!,SoundEarphones,11-12-2009 02:12 PM by SoundEarphones,2,581
600d74039d5e445f904a4700,Official Team Speed Forza Motorsports 3 Tournament,kalifornicationx,10-19-2016 05:28 AM by kalifornicationx,88,"13,838"
600d74039d5e445f904a4701,"Teamspeed To Go. Download the Teamspeed Mobile app for your iPhone, iPad, or Droid!",TEFF,03-14-2012 12:12 PM by TEFF,12,"11,496"
600d74039d5e445f904a4702,"SEMA 2009: Rev for iPhone reaches 2.0, includes data-logging [w/ VIDEO]",MattYeu,11-11-2009 08:33 AM by MattYeu,1,479
600d74049d5e445f904a4703,The Ford Mustang Trans-Cammer 1970 will be in Gran Turismo 5,MattYeu,11-11-2009 07:51 AM by MattYeu,0,"3,301"
600d74049d5e445f904a4704,2 channel amp/receiver for home theater?,big_slacker,11-09-2009 01:03 AM by big_slacker,6,923
600d74049d5e445f904a4705,VIDEO Blackberry Tour 2 (Codename Essex) Overview,DJ,11-06-2009 01:45 PM by DJ,0,442
600d74049d5e445f904a4706,Incredible Modern Warfare 2 pre-release video!,Chris from Cali,11-05-2009 05:59 PM by Chris from Cali,20,"1,043"
600d74059d5e445f904a4707,MW2 predicted to be the biggest entertainment release of all time *new trailer*,Bronto,11-05-2009 05:25 PM by Bronto,7,443
600d74059d5e445f904a4708,Verizon Wireless Introduces the BlackBerry Curve 8530 Smartphone,DJ,11-05-2009 10:49 AM by DJ,0,409
600d74059d5e445f904a4709,Flickr Help,Shadow,11-03-2009 10:54 AM by Shadow,5,407
600d74059d5e445f904a470a,Grado PS1000 Headphones - Now In Stock!,SoundEarphones,11-02-2009 01:27 PM by SoundEarphones,0,383
600d74059d5e445f904a470b,"Incredible news for everyone who's waiting on Gran Turismo 5","All We'll Drive","10-27-2009 03:21 PM by All We'll Drive",14,670
600d74059d5e445f904a470c,"BlackBerry Bold 9700 announced, launching globally starting next month",Craigger,10-22-2009 03:20 PM by Craigger,8,537
600d74069d5e445f904a470d,Fifa 10,Chris from Cali,10-21-2009 04:52 PM by Chris from Cali,8,452
600d74069d5e445f904a470e,Lenovo slaps Windows 7 onto ThinkPad SL410 and SL510,Dunner,10-21-2009 03:12 PM by Dunner,1,"1,321"
600d74069d5e445f904a470f,"Damn you, FORZA!",BigE,10-20-2009 08:56 PM by BigE,92,"4,640"
600d74069d5e445f904a4710,October Coupon @ SoundEarphones!,SoundEarphones,10-18-2009 01:52 PM by SoundEarphones,0,499
600d74069d5e445f904a4711,"RIM goes pale, shows white Curve 8520 for T-Mobile and Bold for AT&T",Tsar,10-14-2009 02:39 PM by Tsar,12,938
600d74069d5e445f904a4712,BW Zepplin,sheynk,10-14-2009 09:44 AM by sheynk,9,586
600d74079d5e445f904a4713,Viper app allows remote start of your car with iPhone,DJ,10-13-2009 10:38 PM by DJ,0,873
600d74079d5e445f904a4714,New Modern Warfare 2 trailer out today,Dynamic,10-10-2009 03:18 AM by Dynamic,26,"1,120"
600d74079d5e445f904a4715,The Harmony Remote 900 by Logitech,JarodL,10-07-2009 02:21 PM by JarodL,13,857
600d74089d5e445f904a4716,Official Team Speed Forza Motorsports 3 Tournament,kalifornicationx,10-19-2016 05:28 AM by kalifornicationx,88,"13,838"
600d74089d5e445f904a4717,"Teamspeed To Go. Download the Teamspeed Mobile app for your iPhone, iPad, or Droid!",TEFF,03-14-2012 12:12 PM by TEFF,12,"11,496"
600d74089d5e445f904a4718,McIntosh Goes Lifestyle,SoundEarphones,10-06-2009 09:30 PM by SoundEarphones,9,516
600d74089d5e445f904a4719,Webcam suggestions,stuka,10-05-2009 01:03 PM by stuka,11,724
600d74099d5e445f904a471a,Love this home theater set-up,Christian,10-03-2009 11:18 PM by Christian,2,549
600d74099d5e445f904a471b,PSP and Gran Turismo?,"All We'll Drive","10-03-2009 01:20 AM by All We'll Drive",16,987
600d74099d5e445f904a471c,Anyone play PURE?,"All We'll Drive","10-02-2009 03:27 PM by All We'll Drive",1,299
600d74099d5e445f904a471d,Anyone get a PSP Go yet,"All We'll Drive","10-02-2009 02:58 PM by All We'll Drive",10,666
600d74099d5e445f904a471e,Modern Warfare 2... PS3 or X360?,sean,10-01-2009 06:57 PM by sean,16,764
600d74099d5e445f904a471f,Klipsch iGroove SXT iPod Dock - Now in stock!,SoundEarphones,10-01-2009 11:57 AM by SoundEarphones,0,355
600d740a9d5e445f904a4720,So I was excited for Modern Warfare 2 until I saw this...,Zorro,09-30-2009 04:59 PM by Zorro,6,471
600d740a9d5e445f904a4721,Where to find these Flat Panel TV Stands/Support Panels,GLN,09-30-2009 12:20 AM by GLN,2,831
600d740a9d5e445f904a4722,"So, this is what a 16K a pair speaker sounds like",Zorro,09-29-2009 11:45 PM by Zorro,10,932
600d740a9d5e445f904a4723,Mafia Wars on Facebook,GrayTT,09-27-2009 06:43 AM by GrayTT,20,"1,220"
600d740a9d5e445f904a4724,"TomTom's iPhone car kit will cost $120, app sold separately!",ljg,09-26-2009 04:08 PM by ljg,2,497
600d740b9d5e445f904a4725,New local dimming Samsung announced,TTM0TION,09-23-2009 02:00 PM by TTM0TION,1,406
600d740b9d5e445f904a4726,Earphones for riding?,SoCal,09-22-2009 05:33 AM by SoCal,6,706
600d740b9d5e445f904a4727,"Anyone know a good AV Installer in Lake County, IL?",alin2.5,09-17-2009 07:59 PM by alin2.5,3,381
600d740b9d5e445f904a4728,Wadia iTransport - Now Available,SoundEarphones,09-11-2009 02:35 AM by SoundEarphones,0,387
600d740b9d5e445f904a4729,New Lower Price on the PS Audio Power Plant Premier.,SoundEarphones,09-08-2009 02:48 AM by SoundEarphones,0,436
600d740c9d5e445f904a472a,Wireless outdoor speaker recommendation,45otto,09-07-2009 03:27 PM by 45otto,0,290
600d740c9d5e445f904a472b,Study Shows Traffic-Enabled Navigation Can Save Drivers 4 Days per Year,DJ,08-28-2009 02:07 AM by DJ,0,401
600d740d9d5e445f904a472c,Official Team Speed Forza Motorsports 3 Tournament,kalifornicationx,10-19-2016 05:28 AM by kalifornicationx,88,"13,838"
600d740d9d5e445f904a472d,"Teamspeed To Go. Download the Teamspeed Mobile app for your iPhone, iPad, or Droid!",TEFF,03-14-2012 12:12 PM by TEFF,12,"11,496"
600d740d9d5e445f904a472e,Skullcandy & Beats By Dre - Now Available @ SoundEarphones,SoundEarphones,08-27-2009 09:18 AM by SoundEarphones,0,368
600d740d9d5e445f904a472f,Ultrasone Zino Headphones - Now In Stock.,SoundEarphones,08-27-2009 09:15 AM by SoundEarphones,0,398
600d740e9d5e445f904a4730,Free Additional Year Warranty on All Ultrasone Headphones!,SoundEarphones,08-25-2009 06:19 PM by SoundEarphones,0,387
600d740e9d5e445f904a4731,Klipsch Image S4 - Now In-Stock!,SoundEarphones,08-18-2009 10:43 AM by SoundEarphones,3,907
600d740e9d5e445f904a4732,Nad M15hd,stuka,08-17-2009 09:35 PM by stuka,0,623
600d740e9d5e445f904a4733,SoundEarphones.com Summer Coupons,SoundEarphones,08-16-2009 08:29 PM by SoundEarphones,1,665
600d740e9d5e445f904a4734,Wireless Help,X2daC,08-10-2009 01:50 AM by X2daC,2,373
600d740e9d5e445f904a4735,Hey TS Gamers - Latest Forza 3 update highlights American Muscle,TTM0TION,08-09-2009 11:14 PM by TTM0TION,14,"2,098"
600d740e9d5e445f904a4736,The Ultimate Desk Accessory: Carbon Fiber and Leather Mousepad,skizot,08-09-2009 09:47 PM by skizot,1,"2,808"
600d740f9d5e445f904a4737,Laptop Help (again)! please :),STLG,08-09-2009 04:55 PM by STLG,6,420
600d740f9d5e445f904a4738,Klipach Image S2 - Now Available @ SoundEarphones.com,SoundEarphones,08-07-2009 08:57 PM by SoundEarphones,0,332
600d740f9d5e445f904a4739,"Let's see your A/V setup!",X2daC,08-05-2009 01:07 AM by X2daC,12,"1,169"
600d740f9d5e445f904a473a,New Grado GR8 In-Ear Earphones!,SoundEarphones,07-31-2009 08:55 PM by SoundEarphones,0,456
600d740f9d5e445f904a473b,Streaming media to your Television,Travis_D,07-30-2009 10:16 PM by Travis_D,10,893
600d740f9d5e445f904a473c,"Verizon rumored to be pushing up LTE plans to Q1 2010, new Apple device the catalyst?",DJ,07-27-2009 03:01 PM by DJ,1,470
600d740f9d5e445f904a473d,Grado Headphones are now available @ SoundEarphones,SoundEarphones,07-26-2009 07:46 PM by SoundEarphones,3,698
600d74109d5e445f904a473e,Laptop Suggestions?,STLG,07-26-2009 06:05 PM by STLG,15,"1,149"
600d74109d5e445f904a473f,URC debuts MX-5000 universal remote with haptic feedback,.:Raul,07-20-2009 07:04 PM by .:Raul,3,395
600d74109d5e445f904a4740,BlackBerry Desktop Manager coming to Mac in September,DJ,07-20-2009 06:09 PM by DJ,0,335
600d74109d5e445f904a4741,"What is the state of SSD's?",Schwabe,07-19-2009 10:20 PM by Schwabe,6,487
600d74119d5e445f904a4742,Official Team Speed Forza Motorsports 3 Tournament,kalifornicationx,10-19-2016 05:28 AM by kalifornicationx,88,"13,838"
600d74119d5e445f904a4743,"Teamspeed To Go. Download the Teamspeed Mobile app for your iPhone, iPad, or Droid!",TEFF,03-14-2012 12:12 PM by TEFF,12,"11,496"
600d74119d5e445f904a4744,"Sennheiser HD428, HD348 and HD448 - Now In Stock!",SoundEarphones,07-17-2009 04:48 PM by SoundEarphones,0,"2,227"
600d74119d5e445f904a4745,Benchmark Media - Now Available @ SoundEarphones,SoundEarphones,07-16-2009 08:14 PM by SoundEarphones,0,342
600d74129d5e445f904a4746,RIM Unveils Blackberry Tour 9630,Tyler,07-14-2009 07:26 PM by Tyler,16,"1,674"
600d74129d5e445f904a4747,PS3 future pricing?,sean,07-06-2009 04:49 PM by sean,10,747
600d74129d5e445f904a4748,Noise cancellation Headphone Q for Mike,Schwabe,07-04-2009 06:57 PM by Schwabe,10,725
600d74129d5e445f904a4749,1-Day Sale @ SoundEarphones.com,SoundEarphones,07-04-2009 09:59 AM by SoundEarphones,0,380
600d74129d5e445f904a474a,Woodees Earphones - Now Available @ SoundEarphones,SoundEarphones,07-02-2009 09:10 PM by SoundEarphones,0,333
600d74129d5e445f904a474b,Ultrasone Edition 8 Headphones - Now Available,SoundEarphones,07-02-2009 12:59 PM by SoundEarphones,2,493
600d74129d5e445f904a474c,Ghostbusters: The Video Game!,sean,06-27-2009 02:15 AM by sean,4,380
600d74139d5e445f904a474d,iPhone 3GS review by engadget,LABrit,06-24-2009 05:26 AM by LABrit,4,556
600d74139d5e445f904a474e,First Modern Warfare 2 footage from the Celtics game,Chris from Cali,06-22-2009 09:26 PM by Chris from Cali,14,736
600d74139d5e445f904a474f,"Yo, thedude, XBR9 is out",Chris from Cali,06-17-2009 12:35 AM by Chris from Cali,19,"2,374"
600d74139d5e445f904a4750,Forza 3 Video,"All We'll Drive","06-16-2009 06:06 PM by All We'll Drive",2,405
600d74139d5e445f904a4751,DJ Hero,vtgts300kw,06-15-2009 06:59 PM by vtgts300kw,4,405
600d74139d5e445f904a4752,Home Theater Subwoofer for under 2500 bucks,stuka,06-10-2009 08:39 PM by stuka,12,968
600d74149d5e445f904a4753,TomTom and Zipcar announce new apps for iPhone,SoundEarphones,06-08-2009 08:50 PM by SoundEarphones,2,426
600d74149d5e445f904a4754,BB Curve 8900 - coming to VZW anytime soon?,.:Raul,06-08-2009 04:03 PM by .:Raul,5,392
600d74149d5e445f904a4755,Xbox warranty extension update,TTM0TION,06-07-2009 12:59 AM by TTM0TION,3,493
600d74149d5e445f904a4756,A little word about SoundEarphones,daryl374,06-04-2009 03:43 PM by daryl374,11,899
600d74149d5e445f904a4757,My turn for a TV thread,Joeskie,06-04-2009 12:20 PM by Joeskie,2,409
600d74159d5e445f904a4758,Official Team Speed Forza Motorsports 3 Tournament,kalifornicationx,10-19-2016 05:28 AM by kalifornicationx,88,"13,838"
600d74159d5e445f904a4759,"Teamspeed To Go. Download the Teamspeed Mobile app for your iPhone, iPad, or Droid!",TEFF,03-14-2012 12:12 PM by TEFF,12,"11,496"
600d74159d5e445f904a475a,"Now That's A Laptop!  Alienware's Thick Dual GPU Monster",Ced,05-30-2009 11:08 AM by Ced,4,471
600d74159d5e445f904a475b,Ultimate Ears Sale!,BigE,05-29-2009 10:15 PM by BigE,1,351
600d74159d5e445f904a475c,Microsoft poised to enter handheld gaming fray with Zune HD,tractorcrusher,05-28-2009 03:38 PM by tractorcrusher,2,443
600d74169d5e445f904a475d,Phonak Audeo - Now Available @ SoundEarphones!,SoundEarphones,05-22-2009 10:05 AM by SoundEarphones,0,361
600d74169d5e445f904a475e,Enemy Territory,QTC,05-19-2009 01:50 PM by QTC,0,447
600d74169d5e445f904a475f,Online PC Gaming?,GLN,05-07-2009 05:52 PM by GLN,20,"1,182"
600d74169d5e445f904a4760,BB Users - noob alert - please advise.,TUUNER,05-07-2009 01:52 AM by TUUNER,34,"1,514"
600d74169d5e445f904a4761,New TV time.,stuka,05-04-2009 10:26 PM by stuka,10,785
600d74169d5e445f904a4762,Get in here if you wanna join the Killzone 2 clan!,Tristan,04-26-2009 08:43 AM by Tristan,14,738
600d74169d5e445f904a4763,PS Audio Sale & Specials!,SoundEarphones,04-25-2009 11:45 AM by SoundEarphones,0,609
600d74169d5e445f904a4764,"Not a ""Gadget"" per se, but ...",Jo_Switzer,04-24-2009 07:07 PM by Jo_Switzer,0,407
600d74179d5e445f904a4765,Diablo III Cinematic Teaser,GuessWho,04-17-2009 03:52 AM by GuessWho,5,354
600d74179d5e445f904a4766,Call of Duty: Modern Warfare 2 coming Nov. 10th!!!!,"All We'll Drive","04-14-2009 11:50 PM by All We'll Drive",42,"1,917"
600d74179d5e445f904a4767,SoundEarphones Update & New TS Coupons!,Eric (Plug Guy),04-14-2009 10:41 PM by Eric (Plug Guy),1,481
600d74179d5e445f904a4768,COD4 No Scope Sniping Montage,Chris from Cali,04-14-2009 10:11 PM by Chris from Cali,16,839
600d74179d5e445f904a4769,Alienware computer Inc = suck,Dynamic,04-14-2009 01:26 PM by Dynamic,13,875
600d74179d5e445f904a476a,PS Audio - Now Available @ SoundEarphones,SoundEarphones,04-11-2009 11:36 AM by SoundEarphones,0,336
600d74189d5e445f904a476b,"BlackBerry OS 5.0 previewed on video, don't expect a revolution",DJ,04-09-2009 11:52 AM by DJ,0,444
600d74189d5e445f904a476c,Ultrasone Edition 9 Headphone Sale!,SoundEarphones,04-06-2009 10:27 AM by SoundEarphones,0,682
600d74189d5e445f904a476d,Video Card Wars Heat Up Again . . .,Barrister,04-03-2009 02:24 AM by Barrister,0,339
600d74199d5e445f904a476e,Official Team Speed Forza Motorsports 3 Tournament,kalifornicationx,10-19-2016 05:28 AM by kalifornicationx,88,"13,838"
600d74199d5e445f904a476f,"Teamspeed To Go. Download the Teamspeed Mobile app for your iPhone, iPad, or Droid!",TEFF,03-14-2012 12:12 PM by TEFF,12,"11,496"
600d74199d5e445f904a4770,"New LED TV's (3rd Gen) from Samsung",stuka,04-01-2009 05:37 PM by stuka,7,735
600d74199d5e445f904a4771,PSN IDs,Chris from Cali,04-01-2009 04:11 PM by Chris from Cali,6,517
600d74199d5e445f904a4772,Gamertags,///Milan,03-26-2009 11:04 PM by ///Milan,9,649
600d74199d5e445f904a4773,"World's Largest HD Plasma Display",Joeskie,03-26-2009 01:18 PM by Joeskie,9,925
600d741a9d5e445f904a4774,PS3 players...,Gobbles,03-25-2009 05:03 PM by Gobbles,5,457
600d741a9d5e445f904a4775,"VIDEO: Sega's classic OutRun returning on XBox Live",DJ,03-24-2009 11:52 PM by DJ,0,426
600d741a9d5e445f904a4776,Resident Evil 5,StrikerX50,03-22-2009 11:02 AM by StrikerX50,4,426
600d741a9d5e445f904a4777,PC WORLD Lists Most Violent Video Games of All Time,Andrew,03-19-2009 03:39 PM by Andrew,7,482
600d741a9d5e445f904a4778,Recommend a video game Console,GrayTT,03-18-2009 08:27 AM by GrayTT,29,"2,398"
600d741a9d5e445f904a4779,Baseball Is Back!!!,Dave S,03-12-2009 06:02 PM by Dave S,13,733
600d741b9d5e445f904a477a,Killzone 2,Dynamic,03-12-2009 03:41 PM by Dynamic,29,"1,053"
600d741b9d5e445f904a477b,"Input on ""budget"" home theater",Andrew,03-12-2009 10:13 AM by Andrew,10,756
600d741b9d5e445f904a477c,JAYS c-JAYS On Sale!,SoundEarphones,03-11-2009 08:22 PM by SoundEarphones,0,376
600d741b9d5e445f904a477d,Good example of 720p vs 1080i - GT5: Prologue,cstroked,03-11-2009 04:39 PM by cstroked,9,963
600d741b9d5e445f904a477e,Shure Blowout Sale,SoundEarphones,03-11-2009 09:56 AM by SoundEarphones,5,459
600d741b9d5e445f904a477f,"Holy hell, 24SSD drives in RAID",ohhaiguys,03-10-2009 07:54 PM by ohhaiguys,12,673
600d741b9d5e445f904a4780,Shure SE115 - Now In Stock!,SoundEarphones,03-10-2009 11:00 AM by SoundEarphones,0,397
600d741c9d5e445f904a4781,Red Alert sucked donkey bawls,strebo,03-08-2009 07:25 PM by strebo,11,706
600d741c9d5e445f904a4782,"Halo Wars, anyone?",Alzilla,03-04-2009 04:04 PM by Alzilla,8,382
600d741c9d5e445f904a4783,Fallout 3: The Pitt DLC,Bluestrike2,03-02-2009 05:43 PM by Bluestrike2,0,339
600d741d9d5e445f904a4784,Official Team Speed Forza Motorsports 3 Tournament,kalifornicationx,10-19-2016 05:28 AM by kalifornicationx,88,"13,838"
600d741d9d5e445f904a4785,"Teamspeed To Go. Download the Teamspeed Mobile app for your iPhone, iPad, or Droid!",TEFF,03-14-2012 12:12 PM by TEFF,12,"11,496"
600d741d9d5e445f904a4786,COD4 on PS3 - WTF,TTM0TION,03-01-2009 12:34 PM by TTM0TION,4,332
600d741d9d5e445f904a4787,Sleek new Studio XPS 435 materializes on Dell website,cleanme,02-25-2009 11:24 AM by cleanme,2,441
600d741d9d5e445f904a4788,Any Street Fighter IV Players on PS3?,willmiz,02-24-2009 02:56 PM by willmiz,10,597
600d741d9d5e445f904a4789,"Hulu, comp hook up to Comp, and Magic Jack",.:Raul,02-23-2009 05:52 PM by .:Raul,6,619
600d741e9d5e445f904a478a,Race Pro (X360),Winchm60,02-19-2009 09:17 PM by Winchm60,3,374
600d741e9d5e445f904a478b,SoundEarphones Sale!,LittleJohny,02-19-2009 12:08 AM by LittleJohny,15,673
600d741e9d5e445f904a478c,Blizzard-Activision Posts Q4 Loss Despite Record Revenue,Dynamic,02-18-2009 08:33 PM by Dynamic,6,341
600d741e9d5e445f904a478d,Shure Sale,SoundEarphones,02-16-2009 10:17 PM by SoundEarphones,2,380
600d741e9d5e445f904a478e,Early Reviews of Kill Zone 2 Not Very Good,Barrister,02-16-2009 09:14 PM by Barrister,5,354
600d741e9d5e445f904a478f,"Porsche Design Mobile Phone P'9522",quattro joe,02-15-2009 07:35 PM by quattro joe,10,891
600d741f9d5e445f904a4790,T-Mobile bringing the BlackBerry Curve 8900 in February,DJ,02-15-2009 12:31 PM by DJ,19,"1,242"
600d741f9d5e445f904a4791,AWESOME Wii game- The House of The Dead- Overkill,ajindfw,02-15-2009 12:56 AM by ajindfw,0,359
600d741f9d5e445f904a4792,"Virtual Rape Game - ""Rapelay"" - Banned By Amazon",NotSoMiniC,02-14-2009 02:58 AM by NotSoMiniC,3,399
600d741f9d5e445f904a4793,iBee Farting - Awesome Blackberry Application !,DJ,02-10-2009 09:04 PM by DJ,0,"1,419"
600d741f9d5e445f904a4794,HOLY CRAP!! If You Have Ever Played Guitar Hero This is a Must LOOK!,chokeu2,02-09-2009 09:21 PM by chokeu2,4,388
600d741f9d5e445f904a4795,"Now Here's A Cool Game Release This Week",cleanme,02-08-2009 02:15 PM by cleanme,5,341
600d741f9d5e445f904a4796,Ultrasone - Now Available @ SoundEarphones,SoundEarphones,02-07-2009 01:21 PM by SoundEarphones,0,333
600d741f9d5e445f904a4797,Combat Arms...,chokeu2,02-07-2009 12:16 PM by chokeu2,2,363
600d74209d5e445f904a4798,BlendMount Kit for V1 Radars - This is a cool product,DJ,02-05-2009 11:47 AM by DJ,0,611
600d74209d5e445f904a4799,Big props to SoundEarPhones.com WOW!,strebo,02-04-2009 01:07 PM by strebo,3,468
600d74219d5e445f904a479a,Official Team Speed Forza Motorsports 3 Tournament,kalifornicationx,10-19-2016 05:28 AM by kalifornicationx,88,"13,838"
600d74219d5e445f904a479b,"Teamspeed To Go. Download the Teamspeed Mobile app for your iPhone, iPad, or Droid!",TEFF,03-14-2012 12:12 PM by TEFF,12,"11,496"
600d74219d5e445f904a479c,"What's your Xbox GamerTag or PSN ID?",GuessWho,02-02-2009 06:51 PM by GuessWho,12,875
600d74219d5e445f904a479d,Forza 2 - Xbox Live,"All We'll Drive","02-02-2009 02:53 PM by All We'll Drive",6,376
600d74219d5e445f904a479e,Gran Turismo 6,daedalus,02-02-2009 11:37 AM by daedalus,16,"1,487"
600d74229d5e445f904a479f,15% off Coupon @ SoundEarphones,SoundEarphones,02-01-2009 02:11 PM by SoundEarphones,0,441
600d74229d5e445f904a47a0,GranTurismo 5 players finish Dubai 24h...top 10!,Alzilla,01-30-2009 05:06 PM by Alzilla,1,393
600d74229d5e445f904a47a1,Free Shipping - No Minimum,GrayTT,01-25-2009 09:29 AM by GrayTT,5,462
600d74229d5e445f904a47a2,Amazing all-in-one printer deal:,DJ,01-24-2009 07:53 PM by DJ,1,357
600d74229d5e445f904a47a3,What Are You Playing Right Now?,Mr Kram,01-21-2009 06:18 PM by Mr Kram,26,916
600d74229d5e445f904a47a4,Video Games!,4Wheels,01-21-2009 09:48 AM by 4Wheels,9,456
600d74239d5e445f904a47a5,The Ultimate CES 2009 HDTV Guide,Dynamic,01-21-2009 12:48 AM by Dynamic,0,318
600d74239d5e445f904a47a6,Alright Plasma/LCD experts need your input,Craigger,01-20-2009 11:46 PM by Craigger,21,"1,114"
600d74239d5e445f904a47a7,Coming Soon: Sennheiser HD800 Audiophile Headphones,mannnu81,01-20-2009 10:50 PM by mannnu81,3,519
600d74239d5e445f904a47a8,"New Lower Price on the Shure SE110's",SoundEarphones,01-11-2009 05:19 PM by SoundEarphones,2,405
600d74239d5e445f904a47a9,TomTom / ECLIPSE AVN4430 in-dash nav system snags CES Innovations Award,Jack628,01-07-2009 02:43 PM by Jack628,0,438
600d74239d5e445f904a47aa,Vertu runs over phone - calls it limited edition,MeanMachine,01-02-2009 01:35 PM by MeanMachine,9,599
600d74249d5e445f904a47ab,Sennheiser Specials,SoundEarphones,01-01-2009 04:20 PM by SoundEarphones,0,369
600d74249d5e445f904a47ac,JAYS c-JAYS - Now In-Stock!,SoundEarphones,12-30-2008 03:13 PM by SoundEarphones,0,406
600d74249d5e445f904a47ad,Fellas Recommend a headphone please,SoundEarphones,12-22-2008 11:59 PM by SoundEarphones,4,471
600d74249d5e445f904a47ae,December Coupons & Specials,w210e55,12-15-2008 06:46 PM by w210e55,1,413
600d74249d5e445f904a47af,"iPhone MP3 at 256 bit versus PCM out of good multiple DAC's",stuka,12-05-2008 07:25 PM by stuka,4,595
600d74259d5e445f904a47b0,Official Team Speed Forza Motorsports 3 Tournament,kalifornicationx,10-19-2016 05:28 AM by kalifornicationx,88,"13,838"
600d74259d5e445f904a47b1,"Teamspeed To Go. Download the Teamspeed Mobile app for your iPhone, iPad, or Droid!",TEFF,03-14-2012 12:12 PM by TEFF,12,"11,496"
600d74259d5e445f904a47b2,Help...suggestions for sound canceling headphones,SoundEarphones,12-05-2008 09:30 AM by SoundEarphones,11,592
600d74269d5e445f904a47b3,Nokia N97 Revealed,Craigger,12-02-2008 01:12 PM by Craigger,2,371
600d74269d5e445f904a47b4,Need Help - Digital Music Player,brnsrgn,12-01-2008 07:04 PM by brnsrgn,4,335
600d74269d5e445f904a47b5,Trapster App available for iPhone,Red Blur,11-26-2008 07:42 AM by Red Blur,2,487
600d74269d5e445f904a47b6,Black Friday Sales @ SoundEarphones,SoundEarphones,11-23-2008 05:51 PM by SoundEarphones,0,372
600d74269d5e445f904a47b7,Question on the curve 8310,Curvejunkie,11-18-2008 07:05 PM by Curvejunkie,2,377
600d74269d5e445f904a47b8,Blackberry Storm,CarbonCycles,11-14-2008 12:12 PM by CarbonCycles,10,869
600d74279d5e445f904a47b9,Verizon Storm Video clip!,DJ,11-06-2008 06:38 PM by DJ,2,533
600d74279d5e445f904a47ba,"Just bought a Blackberry Bold today, Nov 3rd!!",TTM0TION,11-04-2008 11:21 PM by TTM0TION,32,"1,514"
600d74279d5e445f904a47bb,Blackberry Bold-Nov. 4th!!,Tommy6030,11-02-2008 07:09 PM by Tommy6030,7,468
600d74279d5e445f904a47bc,My ears have been Spoiled! Steinway Lyngdorf,Lgebbers,11-01-2008 11:27 AM by Lgebbers,5,"11,913"
600d74279d5e445f904a47bd,Blaupunkt GPS systems feature video routes and sign recognition,WARDHOG,10-30-2008 02:07 AM by WARDHOG,1,385
600d74279d5e445f904a47be,Inside the BlackBerry Bold - Businesweek,lager99,10-29-2008 05:34 PM by lager99,7,556
600d74279d5e445f904a47bf,Great service and pricing from Sound Earphones,skitelluride531,10-28-2008 11:43 PM by skitelluride531,3,346
600d74289d5e445f904a47c0,Sennheiser IE 8  & CX 6 Travel Earphones: Now Shipping!,SoundEarphones,10-24-2008 10:22 AM by SoundEarphones,0,424
600d74289d5e445f904a47c1,"HD Video Cam's Sub $2k",G-Gore,10-14-2008 01:55 AM by G-Gore,3,371
600d74289d5e445f904a47c2,Blackberry Pearl Flip 8220,kingtut73,10-13-2008 12:13 PM by kingtut73,1,295
600d74299d5e445f904a47c3,Sennheiser IE6 & IE7 Earphones - Now In Stock,SoundEarphones,10-10-2008 11:27 AM by SoundEarphones,2,451
600d74299d5e445f904a47c4,Ultimate Ears super.fi 5Vi Mobile Earphones for iPhone & BlackBerry,SoundEarphones,10-08-2008 09:19 PM by SoundEarphones,0,444
600d74299d5e445f904a47c5,My Review of the Race Logic Driftbox with Pics,Barrister,10-01-2008 12:40 AM by Barrister,0,338
600d742a9d5e445f904a47c6,Official Team Speed Forza Motorsports 3 Tournament,kalifornicationx,10-19-2016 05:28 AM by kalifornicationx,88,"13,838"
600d742a9d5e445f904a47c7,"Teamspeed To Go. Download the Teamspeed Mobile app for your iPhone, iPad, or Droid!",TEFF,03-14-2012 12:12 PM by TEFF,12,"11,496"
600d742a9d5e445f904a47c8,Fall Sale @ SoundEarphones.com,SoundEarphones,09-30-2008 09:33 PM by SoundEarphones,6,470
600d742a9d5e445f904a47c9,"New Shure Mobile IEM's In-Stock!",SoundEarphones,09-30-2008 05:56 PM by SoundEarphones,2,419
600d742a9d5e445f904a47ca,BlackBerry Thunder touchscreen phone in live shot,j.a.cadet,09-21-2008 07:48 PM by j.a.cadet,10,994
600d742a9d5e445f904a47cb,Anyone here with a Vertu phone?,yalmutawa,08-28-2008 02:00 AM by yalmutawa,1,544
600d742a9d5e445f904a47cc,MAC OS question,mkell,08-23-2008 11:01 PM by mkell,8,515
600d742b9d5e445f904a47cd,what LAPTOP to get??,Mr Kram,08-22-2008 07:33 PM by Mr Kram,10,943
600d742b9d5e445f904a47ce,Palm Treo Pro Smartphone,Craigger,08-20-2008 08:12 PM by Craigger,1,349
600d742b9d5e445f904a47cf,Klipsch Sale @ SoundEarphones,SoundEarphones,08-18-2008 01:50 PM by SoundEarphones,1,453
600d742b9d5e445f904a47d0,Good Ipod Replacement Earbuds?,daedalus,08-04-2008 06:03 PM by daedalus,12,956
600d742b9d5e445f904a47d1,BB 8130 Pearl (Verizon) vs iPhone 3G?,monk3ywithagun,07-25-2008 04:53 AM by monk3ywithagun,1,476
600d742b9d5e445f904a47d2,video docking station for ipod touch,monk3ywithagun,07-25-2008 04:51 AM by monk3ywithagun,2,383
600d742b9d5e445f904a47d3,2 Diff Earphones for TV?,alkyoneus,07-18-2008 07:18 PM by alkyoneus,2,365
600d742c9d5e445f904a47d4,Sennheiser MXW1 Wireless Earphones,SoundEarphones,07-18-2008 02:28 PM by SoundEarphones,0,398
600d742c9d5e445f904a47d5,Nokia E71 Review,daedalus,07-16-2008 11:16 AM by daedalus,12,836
600d742c9d5e445f904a47d6,Apple sells 1M 3G iPhones in 3 days,alkyoneus,07-15-2008 11:53 PM by alkyoneus,3,459
600d742c9d5e445f904a47d7,Apple iPhone App Store Launched,skitelluride531,07-10-2008 02:06 PM by skitelluride531,0,457
600d742c9d5e445f904a47d8,AT&T to be first US carrier with BlackBerry Bold,alkyoneus,07-03-2008 04:57 AM by alkyoneus,13,"1,024"
600d742c9d5e445f904a47d9,iPhone vs. Anything else???,Craigger,07-02-2008 09:46 PM by Craigger,14,815
600d742c9d5e445f904a47da,Dumb question about new mac keyboard,Bronto,06-27-2008 12:28 PM by Bronto,4,362
600d742d9d5e445f904a47db,Too funny ! Mio knight rider gps,DJ,06-26-2008 03:35 PM by DJ,0,426
600d742d9d5e445f904a47dc,Official Team Speed Forza Motorsports 3 Tournament,kalifornicationx,10-19-2016 05:28 AM by kalifornicationx,88,"13,838"
600d742d9d5e445f904a47dd,"Teamspeed To Go. Download the Teamspeed Mobile app for your iPhone, iPad, or Droid!",TEFF,03-14-2012 12:12 PM by TEFF,12,"11,496"
600d742e9d5e445f904a47de,videography anyone?,G-Gore,06-26-2008 01:07 AM by G-Gore,7,488
600d742e9d5e445f904a47df,"Mixmeister Scratch brings scratching to the iPhone, vinyl still cooler",DJ,06-21-2008 02:45 PM by DJ,2,452
600d742e9d5e445f904a47e0,Too Funny! - Knight Rider-themed GPS system with authentic KITT voice,DJ,06-20-2008 09:18 PM by DJ,0,893
600d742e9d5e445f904a47e1,TomTom already has iPhone navigation software ready to roll,DJ,06-10-2008 08:52 AM by DJ,0,429
600d742e9d5e445f904a47e2,Laptop for HS Freshman,Igor,06-07-2008 11:12 PM by Igor,11,867
600d742e9d5e445f904a47e3,Clarion Introduces New 3D Portable Navigation Unit (UK),Superfly,06-04-2008 12:49 PM by Superfly,1,379
600d742e9d5e445f904a47e4,"Sennheiser, Klipsch & V-MODA @ SoundEarphones",SoundEarphones,06-04-2008 12:02 PM by SoundEarphones,0,428
600d742f9d5e445f904a47e5,"Comply Foam Tips for your IEM's",Superfly,05-30-2008 02:56 PM by Superfly,5,856
600d742f9d5e445f904a47e6,JAYS d-JAYS - $64.99,SoundEarphones,05-23-2008 10:53 AM by SoundEarphones,0,485
600d742f9d5e445f904a47e7,Anyway to get flash for Blackberry OS?,ashokn225,05-22-2008 07:47 PM by ashokn225,0,473
600d742f9d5e445f904a47e8,Best Game for my iMac?,MarkM,05-21-2008 11:11 PM by MarkM,10,753
600d742f9d5e445f904a47e9,Best iPod Audio?,SteveH,05-19-2008 01:18 PM by SteveH,1,474
600d742f9d5e445f904a47ea,Torrent Decoder for mac???,1q2w3e4r,05-15-2008 05:19 AM by 1q2w3e4r,16,"2,973"
600d742f9d5e445f904a47eb,Outdoor receivers,sean,05-13-2008 11:26 AM by sean,1,"1,033"
600d742f9d5e445f904a47ec,"Scott it's that time......",Scott in Houston,05-13-2008 09:20 AM by Scott in Houston,17,"1,064"
600d74309d5e445f904a47ed,BlackBerry 9000 gets extended interface video tour,alwin,05-12-2008 05:36 PM by alwin,1,379
600d74309d5e445f904a47ee,"Apple Store's US and UK sites run dry of iPhones, 3G imminent?",DJ,05-12-2008 05:28 PM by DJ,0,314
600d74309d5e445f904a47ef,Finally - BlackBerry Curve 8330 launching on Verizon in May,Dynamic,05-11-2008 05:06 AM by Dynamic,8,521
600d74309d5e445f904a47f0,The Most Advanced Multi-touch System,Bronto,05-10-2008 09:53 AM by Bronto,2,372
600d74309d5e445f904a47f1,SoundEarphones.com - Your IEM Source,SoundEarphones,05-07-2008 08:50 PM by SoundEarphones,16,"1,038"
600d74319d5e445f904a47f2,Official Team Speed Forza Motorsports 3 Tournament,kalifornicationx,10-19-2016 05:28 AM by kalifornicationx,88,"13,838"
600d74319d5e445f904a47f3,"Teamspeed To Go. Download the Teamspeed Mobile app for your iPhone, iPad, or Droid!",TEFF,03-14-2012 12:12 PM by TEFF,12,"11,496"
600d74319d5e445f904a47f4,Legacy Whispers,alkyoneus,05-07-2008 05:38 PM by alkyoneus,1,422
600d74319d5e445f904a47f5,macbook do you like,SoundEarphones,05-05-2008 04:30 PM by SoundEarphones,18,885
600d74329d5e445f904a47f6,Got a new Monitor,Joeskie,05-03-2008 06:03 PM by Joeskie,6,532
600d74329d5e445f904a47f7,"anyone do any dj'ing?",Bronto,05-02-2008 12:39 PM by Bronto,37,"1,471"
600d74329d5e445f904a47f8,Moto Q 9h Trumps iPhone,ambleZ06,05-01-2008 11:06 AM by ambleZ06,2,468
600d74329d5e445f904a47f9,Ipod Boomboxes,Bronto,05-01-2008 09:28 AM by Bronto,1,373
600d74329d5e445f904a47fa,Verizon Delays Moto Q 9c Until May 15th,DJ,05-01-2008 08:13 AM by DJ,0,297
600d74339d5e445f904a47fb,Macbook + Monitor Question,ELMEL,04-30-2008 12:17 AM by ELMEL,3,340
600d74339d5e445f904a47fc,"Good iMac and iPhone update info:  (don't buy an iMac now!)",4Wheels,04-28-2008 09:49 AM by 4Wheels,12,929
600d74339d5e445f904a47fd,Home theater speaker recs,sean,04-25-2008 02:18 PM by sean,0,388
600d74339d5e445f904a47fe,"10 Cool Gadgets You Can't Get Here -- Yet",BankBuster,04-21-2008 11:22 PM by BankBuster,5,602
600d74339d5e445f904a47ff,Iphone questions.,eshaun,04-21-2008 04:36 PM by eshaun,13,731
600d74339d5e445f904a4800,"H20 Audio Waterproof iPod Cases, Pretty Cool!",MeanMachine,04-19-2008 01:38 AM by MeanMachine,3,500
600d74349d5e445f904a4801,Grado SR80s.,esthetique,04-18-2008 09:47 PM by esthetique,3,742
600d74349d5e445f904a4802,iPod straight into amplifier?,Superfly,04-18-2008 03:50 PM by Superfly,2,357
600d74349d5e445f904a4803,My mini review... Asus eeePC,Gill,04-17-2008 01:12 AM by Gill,2,470
600d74349d5e445f904a4804,Projector advice for office....,Secure,04-14-2008 01:07 PM by Secure,0,338
600d74349d5e445f904a4805,For Mac: Cmd-Control-D    See word definition,vtgts300kw,04-08-2008 09:44 PM by vtgts300kw,22,"1,001"
600d74349d5e445f904a4806,3g imminent for iPhone?,Carb0n Fiber,04-05-2008 07:43 PM by Carb0n Fiber,4,493
600d74359d5e445f904a4807,Problem with Time Capsule,pixxflix,04-02-2008 07:04 PM by pixxflix,12,730
600d74359d5e445f904a4808,Official Team Speed Forza Motorsports 3 Tournament,kalifornicationx,10-19-2016 05:28 AM by kalifornicationx,88,"13,838"
600d74359d5e445f904a4809,"Teamspeed To Go. Download the Teamspeed Mobile app for your iPhone, iPad, or Droid!",TEFF,03-14-2012 12:12 PM by TEFF,12,"11,496"
600d74369d5e445f904a480a,Chinese LionKing800 cellphone claims 1-year standby,pixxflix,04-02-2008 06:38 PM by pixxflix,9,603
600d74369d5e445f904a480b,"Samsung's 3G Instinct takes on the iPhone",Carb0n Fiber,04-01-2008 06:26 PM by Carb0n Fiber,3,452
600d74369d5e445f904a480c,Mac Guys:  iBook G3 questions,Craigger,03-31-2008 09:46 PM by Craigger,1,352
600d74369d5e445f904a480d,"Verizon surprises no one with XV6900, Motorola Q9c, and LG enV(2)",DJ,03-31-2008 08:59 PM by DJ,0,395
600d74369d5e445f904a480e,people with macs....a question,ashokn225,03-31-2008 08:58 PM by ashokn225,4,408
600d74369d5e445f904a480f,Njection and Garmin partner to identify speed traps,DJ,03-27-2008 11:43 PM by DJ,0,697
600d74379d5e445f904a4810,Specing out my MacBookPro,SuperVixen,03-26-2008 04:48 PM by SuperVixen,30,"1,938"
600d74379d5e445f904a4811,VPN for mac,CarbonCycles,03-26-2008 01:44 AM by CarbonCycles,0,401
600d74379d5e445f904a4812,Microsoft finally confirms Windows 7 for 2010 launch,sheynk,03-24-2008 02:34 AM by sheynk,7,502
600d74379d5e445f904a4813,Blu-Ray vs. HD Battle Over?,carendt242,03-22-2008 02:45 PM by carendt242,8,516
600d74379d5e445f904a4814,Iphone Without Contract - (philadelphia),kowalsky,03-14-2008 07:10 PM by kowalsky,3,559
600d74379d5e445f904a4815,Digital Picture Frames,Nav,03-14-2008 09:30 AM by Nav,0,369
600d74379d5e445f904a4816,"Sony's 13.3-inch VAIO VGN-SZ791N gets reviewed",DJ,03-13-2008 05:26 PM by DJ,0,533
600d74389d5e445f904a4817,"Monster's iSoniCast wireless iPod bridge finally starts shipping",DJ,03-13-2008 05:23 PM by DJ,0,409
600d74389d5e445f904a4818,"HD DVD's",CarbonCycles,03-13-2008 12:18 PM by CarbonCycles,8,527
600d74389d5e445f904a4819,Blackberry help,ashokn225,03-12-2008 09:05 PM by ashokn225,10,708
600d74389d5e445f904a481a,Apple TV (take 2) update delayed,MJS,03-12-2008 12:49 AM by MJS,9,470
600d74389d5e445f904a481b,AV Receivers - please help...,MJS,03-11-2008 12:39 PM by MJS,1,409
600d74389d5e445f904a481c,EXCHANGE COMING to iPhone confirmed... and new SDK,D-VO,03-09-2008 05:28 PM by D-VO,11,782
600d74399d5e445f904a481d,"Would you buy a $40,000 Macbook Air??",ATL,03-08-2008 02:06 PM by ATL,9,505
600d74399d5e445f904a481e,Official Team Speed Forza Motorsports 3 Tournament,kalifornicationx,10-19-2016 05:28 AM by kalifornicationx,88,"13,838"
600d74399d5e445f904a481f,"Teamspeed To Go. Download the Teamspeed Mobile app for your iPhone, iPad, or Droid!",TEFF,03-14-2012 12:12 PM by TEFF,12,"11,496"
600d74399d5e445f904a4820,Converted to Blackberry last week.... WOW,sheynk,03-08-2008 03:44 AM by sheynk,11,836
600d743a9d5e445f904a4821,iPhone and iPod touch get 1.1.4 firmware update,LABrit,03-06-2008 11:20 PM by LABrit,12,821
600d743a9d5e445f904a4822,Favorite HT item,gramicci101,03-06-2008 08:50 PM by gramicci101,5,425
600d743a9d5e445f904a4823,"BlackBerry 8830 World Edition, now in Verizon Red",arcticboost,03-06-2008 02:22 PM by arcticboost,11,840
600d743a9d5e445f904a4824,So I went to the Apple Store today...,Russ,03-05-2008 03:18 AM by Russ,34,"1,814"
600d743a9d5e445f904a4825,Oy Verizon..,Massyman,03-04-2008 02:10 AM by Massyman,0,388
600d743a9d5e445f904a4826,What Is Best Place To Buy A 50-52 In Lcd Flat Tv- Online/retail,Dynamic,03-04-2008 01:59 AM by Dynamic,8,457
600d743a9d5e445f904a4827,Macbook Pro countdown,CarbonCycles,03-02-2008 02:40 PM by CarbonCycles,40,"1,879"
600d743b9d5e445f904a4828,First pics of CDMA BlackBerry Curve 8330 surface,arcticboost,03-01-2008 10:57 PM by arcticboost,2,616
600d743b9d5e445f904a4829,iPhone second to BlackBerry in business,SteveH,02-29-2008 08:06 PM by SteveH,4,459
600d743b9d5e445f904a482a,Shock and awe: A $6 million home theater,ATL,02-27-2008 10:30 AM by ATL,1,478
600d743b9d5e445f904a482b,"Hansen Audio's $39,000 Prince V2 Speaker: Sound fit for royalty",DJ,02-27-2008 09:57 AM by DJ,0,"1,348"
600d743b9d5e445f904a482c,Verizon Wireless Broadband Data Plan....,Paul N,02-22-2008 04:49 AM by Paul N,4,448
600d743b9d5e445f904a482d,"A Robot That Pumps Your Gas,",eshaun,02-22-2008 01:32 AM by eshaun,2,457
600d743c9d5e445f904a482e,Looking For A New Cell Phone,MeanMachine,02-21-2008 06:58 AM by MeanMachine,1,526
600d743c9d5e445f904a482f,RIM affirms that BlackBerry services are down -- again,CarbonCycles,02-20-2008 12:18 PM by CarbonCycles,10,783
600d743c9d5e445f904a4830,"Smartphones most returned holiday gift, iPhones / BlackBerrys notwithstanding",eshaun,02-15-2008 08:31 PM by eshaun,6,499
600d743c9d5e445f904a4831,Tech parodies,Carb0n Fiber,02-15-2008 07:37 PM by Carb0n Fiber,2,544
600d743c9d5e445f904a4832,Von Schweikert loudspeakers,BritBlaster,02-13-2008 06:54 PM by BritBlaster,7,889
600d743c9d5e445f904a4833,Returned my phone to stock...for now,eshaun,02-13-2008 04:28 PM by eshaun,0,436
600d743d9d5e445f904a4834,Official Team Speed Forza Motorsports 3 Tournament,kalifornicationx,10-19-2016 05:28 AM by kalifornicationx,88,"13,838"
600d743d9d5e445f904a4835,"Teamspeed To Go. Download the Teamspeed Mobile app for your iPhone, iPad, or Droid!",TEFF,03-14-2012 12:12 PM by TEFF,12,"11,496"
600d743d9d5e445f904a4836,"Plantronics intros ""military grade"" Explorer 370 Bluetooth headset",gramicci101,02-11-2008 08:42 PM by gramicci101,2,574
600d743d9d5e445f904a4837,Nokia tests cell phones to monitor and predict traffic flows,Scott in Houston,02-11-2008 09:26 AM by Scott in Houston,1,463
600d743e9d5e445f904a4838,$500 to buy any gadget... what would you buy?,ashokn225,02-09-2008 11:38 PM by ashokn225,11,979
600d743e9d5e445f904a4839,Bigger iPhone,Scott in Houston,02-09-2008 10:54 PM by Scott in Houston,14,"1,022"
600d743e9d5e445f904a483a,$6mm,MexicoBlue,02-08-2008 01:11 PM by MexicoBlue,1,583
600d743e9d5e445f904a483b,MacBook Air gets the unboxing treatment,turbomaxima,02-08-2008 12:31 AM by turbomaxima,27,"1,605"
600d743e9d5e445f904a483c,Some pretty great Home theaters here...,PorscheFanatic,02-07-2008 04:07 PM by PorscheFanatic,14,"1,279"
600d743e9d5e445f904a483d,"24"" Chrome iMac",Craigger,02-07-2008 02:39 PM by Craigger,3,557
600d743e9d5e445f904a483e,uh-oh ... screen problem?,Z0RR0,02-05-2008 03:14 PM by Z0RR0,4,600
600d743e9d5e445f904a483f,HP Pavilion tx2000 tablet goes on sale,DJ,02-04-2008 11:55 PM by DJ,0,841
600d743f9d5e445f904a4840,"iPods won't crash your pacemaker says the FDA",CarbonCycles,02-01-2008 08:37 PM by CarbonCycles,1,562
600d743f9d5e445f904a4841,"Dell's building an Android phone to be unveiled next month?",bottomline,02-01-2008 05:29 AM by bottomline,3,586
600d743f9d5e445f904a4842,The revised version of the Nokia 8800,Joeskie,01-31-2008 07:38 PM by Joeskie,12,"1,005"
600d743f9d5e445f904a4843,Garmin Nuvifone – GPS with cellphone,Phil Y,01-31-2008 04:22 PM by Phil Y,1,910
600d743f9d5e445f904a4844,Bath-O-Matic for a just-right dip,Phil Y,01-31-2008 04:05 PM by Phil Y,0,657
600d743f9d5e445f904a4845,"Vertu's Racetrack Legends concludes with Monaco and Nurburgring",Phil Y,01-31-2008 04:01 PM by Phil Y,0,998
600d743f9d5e445f904a4846,The Vertu Ascent Ferrari 1947 Limited Edition Phone,Phil Y,01-31-2008 03:59 PM by Phil Y,1,"3,135"
600d74409d5e445f904a4847,"The Today Show's Meredith Viera licks the MacBook Air",DJ,01-31-2008 03:49 PM by DJ,0,770
600d74409d5e445f904a4848,Garmin gets official with its nuvifone,DJ,01-31-2008 03:40 PM by DJ,0,831